발생년,발생년월일시,주야,요일,사망자수,부상자수,중상자수,경상자수,부상신고자수,발생지시도,발생지시군구,사고유형_대분류,사고유형_중분류,사고유형,가해자법규위반,도로형태_대분류,도로형태,가해자_당사자종별,피해자_당사자종별,발생위치X_UTMK,발생위치Y_UTMK,경도,위도
2019,2019-04-01,주,월,1,0,0,0,0,인천,연수구,차대차,측면충돌,측면충돌,신호위반,교차로,교차로부근,승용차,이륜차,927321,1934127,126.6788111,37.40341145
2019,2019-04-01,주,월,1,0,0,0,0,전남,곡성군,차대사람,횡단중,횡단중,안전운전 의무 불이행,교차로,교차로내,화물차,보행자,977359,1682271,127.2514742,35.13539262
2019,2019-04-01,주,월,1,0,0,0,0,경남,남해군,차대사람,횡단중,횡단중,안전운전 의무 불이행,교차로,교차로내,화물차,보행자,1048647,1637243,128.031356,34.7284467
2019,2019-04-01,주,월,1,2,2,0,0,부산,강서구,차대차,측면충돌,측면충돌,신호위반,교차로,교차로내,화물차,화물차,1120934,1678976,128.8268344,35.09867465
2019,2019-04-01,주,월,1,2,1,1,0,서울,중구,차대차,정면충돌,정면충돌,신호위반,교차로,교차로내,승용차,승합차,953456,1950944,126.9730284,37.55667052
2019,2019-04-01,주,월,1,0,0,0,0,경기,이천시,차대사람,횡단중,횡단중,안전운전 의무 불이행,교차로,교차로횡단보도내,승용차,보행자,995580,1920822,127.4501361,37.28632276
2019,2019-04-01,주,월,1,0,0,0,0,강원,원주시,차량단독,도로이탈,도로이탈 추락,안전운전 의무 불이행,단일로,교량위,건설기계,없음,1047550.6,1918111.2,128.0362543,37.26068365
2019,2019-04-01,주,월,1,0,0,0,0,대구,달성군,차대사람,횡단중,횡단중,신호위반,교차로,교차로횡단보도내,이륜차,보행자,1085028,1754178,128.4408021,35.78033502
2019,2019-04-01,주,월,1,0,0,0,0,서울,양천구,차대사람,횡단중,횡단중,신호위반,교차로,교차로횡단보도내,자전거,보행자,943060,1946808,126.8556519,37.51880861
2019,2019-04-01,주,월,1,1,0,1,0,인천,동구,차대차,측면충돌,측면충돌,안전거리 미확보,기타,기타,승합차,사륜오토바이(ATV),924129,1942108,126.6419278,37.47508621
2019,2019-04-01,주,월,1,0,0,0,0,대전,중구,차대사람,기타,기타,안전운전 의무 불이행,단일로,기타단일로,승용차,보행자,990356,1814348,127.3925516,36.3264513
2019,2019-04-01,야,월,1,0,0,0,0,경북,김천시,차량단독,공작물충돌,공작물충돌,안전운전 의무 불이행,교차로,교차로부근,사륜오토바이(ATV),없음,1065885,1795069,128.2324065,36.1504485
2019,2019-04-01,야,월,1,0,0,0,0,경기,가평군,차량단독,기타,기타,안전운전 의무 불이행,단일로,기타단일로,승용차,없음,996989,1967700,127.4658397,37.70887115
2019,2019-04-01,야,월,1,0,0,0,0,경북,경산시,차대사람,기타,기타,과속,단일로,기타단일로,승용차,보행자,1119689,1768014,128.8263089,35.90143821
2019,2019-04-02,야,화,1,0,0,0,0,제주,제주시,차대사람,기타,기타,안전운전 의무 불이행,단일로,기타단일로,승용차,보행자,899438,1493888,126.4182243,33.43199803
2019,2019-04-02,야,화,1,1,0,1,0,경기,용인시,차대차,추돌,추돌,안전운전 의무 불이행,교차로,교차로내,화물차,화물차,990420,1904726,127.3921308,37.14119317
2019,2019-04-02,주,화,1,0,0,0,0,강원,강릉시,차대차,추돌,추돌,안전운전 의무 불이행,교차로,교차로내,화물차,자전거,1116794,1987199,128.828026,37.87713374
2019,2019-04-02,주,화,1,1,1,0,0,경남,남해군,차량단독,도로이탈,도로이탈 추락,안전운전 의무 불이행,단일로,기타단일로,화물차,없음,1046685,1654100,128.0108635,34.88054416
2019,2019-04-02,주,화,1,0,0,0,0,경북,구미시,차대사람,횡단중,횡단중,신호위반,교차로,교차로내,화물차,보행자,1075470,1792006,128.338654,36.12213725
2019,2019-04-02,주,화,1,0,0,0,0,충남,천안시,차대차,측면충돌,측면충돌,기타,교차로,교차로내,화물차,이륜차,980438,1859000,127.2809188,36.7288423
2019,2019-04-02,야,화,1,1,1,0,0,대구,북구,차대차,정면충돌,정면충돌,중앙선 침범,단일로,기타단일로,승용차,화물차,1098423,1767658,128.5906525,35.90060043
2019,2019-04-02,야,화,1,0,0,0,0,경북,영천시,차량단독,공작물충돌,공작물충돌,안전운전 의무 불이행,단일로,기타단일로,승용차,없음,1112516,1788349,128.7497287,36.08558549
2019,2019-04-02,야,화,1,0,0,0,0,울산,북구,차대차,측면충돌,측면충돌,신호위반,교차로,교차로내,이륜차,승용차,1168260,1732088,129.3567868,35.57053967
2019,2019-04-03,야,수,1,0,0,0,0,충남,홍성군,차량단독,도로이탈,도로이탈 추락,안전운전 의무 불이행,단일로,기타단일로,이륜차,없음,929785,1846195,126.7148438,36.6110211
2019,2019-04-03,야,수,1,0,0,0,0,부산,해운대구,차대사람,기타,기타,안전운전 의무 불이행,단일로,기타단일로,승용차,보행자,1152572,1688649,129.1756205,35.18156626
2019,2019-04-03,주,수,1,0,0,0,0,대구,달서구,차량단독,공작물충돌,공작물충돌,안전운전 의무 불이행,단일로,고가도로위,이륜차,없음,1094834,1758031,128.5497431,35.81417109
2019,2019-04-03,주,수,1,0,0,0,0,충북,옥천군,차량단독,기타,기타,안전운전 의무 불이행,단일로,기타단일로,승합차,없음,1012649,1810260,127.6408621,36.28956134
2019,2019-04-03,주,수,1,1,0,1,0,강원,춘천시,차대차,추돌,추돌,안전운전 의무 불이행,단일로,교량위,승용차,화물차,1007593.7,1969444.1,127.5861699,37.72456477
2019,2019-04-03,주,수,1,0,0,0,0,전남,고흥군,차량단독,전도,전도,안전운전 의무 불이행,단일로,기타단일로,농기계,없음,970269,1621978,127.1757903,34.59151598
2019,2019-04-03,주,수,1,1,0,1,0,경북,상주시,차대차,추돌,추돌,안전운전 의무 불이행,단일로,기타단일로,화물차,화물차,1051450,1823398,128.0738151,36.40671031
2019,2019-04-03,주,수,1,0,0,0,0,전남,곡성군,차대사람,횡단중,횡단중,보행자 보호의무 위반,교차로,교차로횡단보도내,화물차,보행자,981794,1698399,127.2997993,35.28091008
2019,2019-04-03,주,수,1,0,0,0,0,충남,서산시,차대사람,횡단중,횡단중,신호위반,교차로,교차로횡단보도내,승용차,보행자,909038,1866023,126.4805191,36.78798576
2019,2019-04-03,야,수,1,0,0,0,0,경남,하동군,차대사람,길가장자리구역통행중,길가장자리구역통행중,안전운전 의무 불이행,단일로,기타단일로,화물차,보행자,1035581,1685260,127.8906921,35.16196995
2019,2019-04-03,야,수,1,0,0,0,0,전북,장수군,차대사람,차도통행중,차도통행중,안전운전 의무 불이행,단일로,기타단일로,화물차,보행자,1010982,1746940,127.6214197,35.71869389
2019,2019-04-04,주,목,1,0,0,0,0,대구,북구,차대차,기타,기타,안전운전 의무 불이행,단일로,기타단일로,화물차,화물차,1097511,1772708,128.5811676,35.94621476
2019,2019-04-04,주,목,1,0,0,0,0,인천,부평구,차대차,기타,기타,신호위반,교차로,교차로내,이륜차,화물차,931245.9,1944651.6,126.7221724,37.49856839
2019,2019-04-04,주,목,1,0,0,0,0,경기,용인시,차대차,기타,기타,안전운전 의무 불이행,단일로,기타단일로,화물차,자전거,968990,1921120,127.1501537,37.28850243
2019,2019-04-04,주,목,1,0,0,0,0,경북,청도군,차량단독,공작물충돌,공작물충돌,안전운전 의무 불이행,단일로,기타단일로,승용차,없음,1113680,1738392,128.755532,35.63513903
2019,2019-04-04,주,목,1,0,0,0,0,경북,울진군,차량단독,도로이탈,도로이탈 추락,안전운전 의무 불이행,단일로,기타단일로,승용차,없음,1161576,1900883,129.3180737,37.09266113
2019,2019-04-04,야,목,1,1,0,1,0,전남,영광군,차량단독,도로이탈,도로이탈 추락,안전운전 의무 불이행,단일로,기타단일로,화물차,없음,912925,1692338,126.5431868,35.22264194
2019,2019-04-04,야,목,1,1,0,1,0,경기,안성시,차대차,정면충돌,정면충돌,중앙선 침범,단일로,기타단일로,이륜차,승용차,994563,1894844,127.4388519,37.05214735
2019,2019-04-04,야,목,1,0,0,0,0,경기,시흥시,차대사람,횡단중,횡단중,안전운전 의무 불이행,단일로,기타단일로,이륜차,보행자,933160,1926781,126.745443,37.33764115
2019,2019-04-04,야,목,1,0,0,0,0,전남,광양시,차대차,추돌,추돌,안전거리 미확보,교차로,교차로부근,화물차,화물차,1008683,1660351,127.5950827,34.93794912
2019,2019-04-05,야,금,1,3,2,1,0,경기,남양주시,차대차,추돌,추돌,안전운전 의무 불이행,교차로,교차로내,화물차,승용차,967712,1963230,127.1338888,37.66801811
2019,2019-04-05,주,금,1,0,0,0,0,경기,파주시,차대사람,횡단중,횡단중,보행자 보호의무 위반,단일로,기타단일로,승용차,보행자,945009,1983429,126.8749424,37.84898644
2019,2019-04-05,주,금,1,1,0,1,0,경기,수원시,차량단독,전도,전도,안전운전 의무 불이행,단일로,기타단일로,이륜차,없음,953032,1916704,126.9704046,37.24802921
2019,2019-04-05,주,금,1,16,0,1,15,경기,용인시,차대차,기타,기타,안전거리 미확보,단일로,기타단일로,건설기계,승용차,964888.6,1925721.7,127.1036661,37.32983517
2019,2019-04-05,야,금,1,0,0,0,0,충북,충주시,차대사람,횡단중,횡단중,안전운전 의무 불이행,단일로,기타단일로,승용차,보행자,1037798,1887155,127.9247102,36.98209168
2019,2019-04-05,야,금,1,0,0,0,0,충남,서산시,차대차,기타,기타,안전운전 의무 불이행,단일로,기타단일로,화물차,자전거,909853,1865571,126.4897056,36.78398965
2019,2019-04-05,야,금,1,0,0,0,0,경기,수원시,차대사람,횡단중,횡단중,신호위반,교차로,교차로횡단보도내,특수차,보행자,956387,1918420,127.0081326,37.26365988
2019,2019-04-06,야,토,1,0,0,0,0,경기,고양시,차량단독,공작물충돌,공작물충돌,안전운전 의무 불이행,단일로,기타단일로,이륜차,없음,937436,1961003,126.7908008,37.64638168
2019,2019-04-06,주,토,1,1,1,0,0,전북,군산시,차대차,추돌,추돌,안전운전 의무 불이행,단일로,지하차도(도로)내,승합차,화물차,929286,1772442,126.7159421,35.94612526
2019,2019-04-06,주,토,1,1,1,0,0,전남,해남군,차대차,추돌,추돌,안전운전 의무 불이행,단일로,기타단일로,승용차,농기계,916185,1618754,126.5863797,34.55945374
2019,2019-04-06,주,토,1,1,1,0,0,경북,포항시,차대차,측면충돌,측면충돌,안전운전 의무 불이행,단일로,기타단일로,승용차,이륜차,1147080,1791509,129.1341009,36.10944639
2019,2019-04-06,야,토,1,1,0,1,0,전남,장성군,차대차,측면충돌,측면충돌,안전운전 의무 불이행,단일로,기타단일로,승합차,기타,932934,1699833,126.7624227,35.29175726
2019,2019-04-06,야,토,1,0,0,0,0,경기,양주시,차대사람,횡단중,횡단중,안전운전 의무 불이행,교차로,교차로내,승용차,보행자,953439,1976862,126.9711807,37.79026905
2019,2019-04-06,야,토,1,0,0,0,0,전북,익산시,차대사람,보도통행중,보도통행중,보행자 보호의무 위반,교차로,교차로횡단보도내,승합차,보행자,950633.5,1771432.6,126.9526884,35.93833764
2019,2019-04-06,야,토,1,3,2,1,0,울산,북구,차대차,기타,기타,기타,교차로,교차로내,승용차,승용차,1168026,1735588,129.3549333,35.60212081
2019,2019-04-07,야,일,1,0,0,0,0,경남,진주시,차대사람,길가장자리구역통행중,길가장자리구역통행중,안전운전 의무 불이행,단일로,기타단일로,화물차,보행자,1052684,1687607,128.0786319,35.18238106
2019,2019-04-07,야,일,1,0,0,0,0,경남,김해시,차대사람,횡단중,횡단중,안전운전 의무 불이행,교차로,교차로내,승용차,보행자,1124266,1696568,128.8660335,35.25685416
2019,2019-04-07,야,일,1,0,0,0,0,서울,성북구,차량단독,전도,전도,안전운전 의무 불이행,단일로,기타단일로,이륜차,없음,957974,1956496,127.023861,37.60692919
2019,2019-04-07,야,일,1,0,0,0,0,서울,강서구,차대사람,기타,기타,안전운전 의무 불이행,단일로,기타단일로,승용차,보행자,942301,1948231,126.8469516,37.531587
2019,2019-04-07,야,일,1,0,0,0,0,서울,양천구,차량단독,공작물충돌,공작물충돌,안전운전 의무 불이행,단일로,기타단일로,화물차,없음,943307,1947948,126.8583589,37.52909872
2019,2019-04-07,야,일,1,2,1,1,0,경남,밀양시,차대차,추돌,추돌,안전운전 의무 불이행,단일로,기타단일로,승용차,화물차,1118544,1713124,128.8055456,35.40679361
2019,2019-04-07,야,일,1,0,0,0,0,충북,청주시,차대사람,횡단중,횡단중,안전운전 의무 불이행,단일로,지하차도(도로)내,승용차,보행자,991739,1854022,127.4075359,36.68413198
2019,2019-04-07,주,일,1,2,1,1,0,경남,창원시(통합),차대차,측면충돌,측면충돌,안전운전 의무 불이행,교차로,교차로부근,승용차,승용차,1105997,1694204,128.664941,35.23764262
2019,2019-04-07,주,일,1,0,0,0,0,경기,광주시,차량단독,도로이탈,도로이탈 기타,안전운전 의무 불이행,단일로,기타단일로,이륜차,없음,977413,1940589,127.2445843,37.46423415
2019,2019-04-07,주,일,1,0,0,0,0,강원,철원군,차대차,측면충돌,측면충돌,교차로 통행방법 위반,교차로,교차로내,승용차,이륜차,973916,2028070,127.2018815,38.25260799
2019,2019-04-07,야,일,1,0,0,0,0,서울,양천구,차대차,측면충돌,측면충돌,신호위반,단일로,기타단일로,승합차,이륜차,940154,1949090,126.8225829,37.53919228
2019,2019-04-08,야,월,1,0,0,0,0,대구,서구,차대사람,횡단중,횡단중,안전운전 의무 불이행,교차로,교차로횡단보도내,화물차,보행자,1096695,1764456,128.5711183,35.87190826
2019,2019-04-08,야,월,1,1,1,0,0,인천,부평구,차대차,기타,기타,신호위반,교차로,교차로내,승용차,이륜차,930685,1946685,126.7156357,37.51685308
2019,2019-04-08,야,월,1,0,0,0,0,경기,화성시,차대사람,횡단중,횡단중,안전운전 의무 불이행,교차로,교차로내,승용차,보행자,958967,1912753,127.0375411,37.21269614
2019,2019-04-08,주,월,1,0,0,0,0,경북,포항시,차대사람,횡단중,횡단중,안전운전 의무 불이행,단일로,기타단일로,승합차,보행자,1168096.8,1783389.5,129.3657696,36.03286964
2019,2019-04-08,주,월,1,0,0,0,0,경남,사천시,차대차,측면충돌,측면충돌,신호위반,교차로,교차로내,이륜차,화물차,1053035,1661092,128.080791,34.94327996
2019,2019-04-08,주,월,1,0,0,0,0,충남,태안군,차량단독,공작물충돌,공작물충돌,안전운전 의무 불이행,단일로,기타단일로,사륜오토바이(ATV),없음,898499,1845771,126.3651069,36.60438124
2019,2019-04-08,주,월,1,0,0,0,0,경기,부천시,차대차,측면충돌,측면충돌,교차로 통행방법 위반,교차로,교차로내,자전거,승용차,936655,1943416,126.7834684,37.48781903
2019,2019-04-08,주,월,1,1,0,1,0,전남,고흥군,차대차,측면충돌,측면충돌,중앙선 침범,단일로,기타단일로,승용차,농기계,982129,1612401,127.3053212,34.50542508
2019,2019-04-08,주,월,1,4,0,4,0,경북,영덕군,차대차,정면충돌,정면충돌,중앙선 침범,단일로,기타단일로,승용차,화물차,1170470,1838206,129.4040605,36.52638443
2019,2019-04-08,주,월,1,0,0,0,0,부산,동구,차대사람,기타,기타,교차로 통행방법 위반,교차로,교차로내,승용차,보행자,1140810,1682483,129.0454364,35.12770452
2019,2019-04-08,야,월,1,0,0,0,0,대전,대덕구,차대사람,기타,기타,안전운전 의무 불이행,교차로,교차로내,승용차,보행자,994359,1828470,127.4370483,36.45379784
2019,2019-04-09,야,화,1,0,0,0,0,서울,동작구,차대사람,횡단중,횡단중,안전운전 의무 불이행,단일로,기타단일로,승용차,보행자,950187.2,1945038.2,126.9364213,37.50326948
2019,2019-04-09,야,화,1,0,0,0,0,경기,안양시,차대차,추돌,추돌,과속,단일로,기타단일로,승용차,기타,950319,1931735,126.9388087,37.3833706
2019,2019-04-09,야,화,1,0,0,0,0,제주,제주시,차대사람,기타,기타,안전운전 의무 불이행,단일로,기타단일로,승용차,보행자,910597,1501019,126.5375388,33.4972973
2019,2019-04-09,야,화,1,1,0,1,0,경기,남양주시,차대차,정면충돌,정면충돌,중앙선 침범,단일로,기타단일로,이륜차,승용차,969293,1960081,127.1519479,37.63968962
2019,2019-04-09,야,화,1,0,0,0,0,충남,아산시,차대사람,횡단중,횡단중,안전운전 의무 불이행,교차로,교차로내,승용차,보행자,962546,1869471,127.0800295,36.82269594
2019,2019-04-09,야,화,1,2,0,2,0,경북,상주시,차대차,정면충돌,정면충돌,신호위반,교차로,교차로내,화물차,승합차,1061751,1824929,128.1888158,36.41990453
2019,2019-04-09,주,화,1,0,0,0,0,경북,의성군,차량단독,전도,전도,안전운전 의무 불이행,단일로,기타단일로,화물차,없음,1097510,1812463,128.5860823,36.30457192
2019,2019-04-09,주,화,1,0,0,0,0,서울,관악구,차대차,측면충돌,측면충돌,안전운전 의무 불이행,교차로,교차로내,화물차,이륜차,948730,1943290,126.9200573,37.48743278
2019,2019-04-09,주,화,1,2,1,1,0,경북,안동시,차대차,정면충돌,정면충돌,중앙선 침범,단일로,기타단일로,화물차,특수차,1118764,1838848,128.826801,36.53999244
2019,2019-04-09,주,화,1,0,0,0,0,충남,태안군,차량단독,기타,기타,안전운전 의무 불이행,단일로,기타단일로,사륜오토바이(ATV),없음,887678,1871546,126.2403533,36.83546954
2019,2019-04-09,야,화,1,0,0,0,0,강원,동해시,차대사람,횡단중,횡단중,보행자 보호의무 위반,교차로,교차로부근,승용차,보행자,1142183,1944732,129.1083352,37.49090438
2019,2019-04-09,야,화,1,0,0,0,0,인천,미추홀구,차대사람,횡단중,횡단중,보행자 보호의무 위반,교차로,교차로부근,승합차,보행자,928281,1940175,126.6890691,37.45799611
2019,2019-04-09,야,화,1,0,0,0,0,경기,평택시,차대사람,차도통행중,차도통행중,안전운전 의무 불이행,단일로,기타단일로,승용차,보행자,964347,1891820,127.0991704,37.02422671
2019,2019-04-09,야,화,1,4,2,2,0,충북,단양군,차대차,추돌,추돌,안전운전 의무 불이행,단일로,기타단일로,화물차,승용차,1080682,1879616,128.4057232,36.91143832
2019,2019-04-09,야,화,1,0,0,0,0,경남,김해시,차대사람,횡단중,횡단중,안전운전 의무 불이행,교차로,교차로부근,승용차,보행자,1123484,1694295,128.8570977,35.23646085
2019,2019-04-09,야,화,1,0,0,0,0,제주,제주시,차대사람,횡단중,횡단중,과속,교차로,교차로부근,승용차,보행자,911060,1499687,126.5426548,33.48532341
2019,2019-04-10,야,수,1,0,0,0,0,경기,광명시,차량단독,공작물충돌,공작물충돌,안전운전 의무 불이행,교차로,교차로내,승용차,없음,945236,1936878,126.8810133,37.42943952
2019,2019-04-10,주,수,1,0,0,0,0,충남,공주시,차량단독,공작물충돌,공작물충돌,안전운전 의무 불이행,교차로,교차로부근,승합차,없음,954023,1829718,126.9868472,36.46396231
2019,2019-04-10,주,수,1,0,0,0,0,전남,나주시,차대차,측면충돌,측면충돌,기타,교차로,교차로부근,건설기계,승용차,943489,1667476,126.8807118,35.00065625
2019,2019-04-10,주,수,1,0,0,0,0,전남,완도군,차대차,측면충돌,측면충돌,중앙선 침범,단일로,기타단일로,승용차,건설기계,928369,1590425.3,126.7215511,34.30492285
2019,2019-04-10,주,수,1,2,0,2,0,경기,시흥시,차대차,기타,기타,안전운전 의무 불이행,단일로,기타단일로,화물차,승용차,939504,1937752,126.816158,37.43695999
2019,2019-04-10,야,수,1,0,0,0,0,전남,고흥군,차량단독,전도,전도,안전운전 의무 불이행,단일로,기타단일로,농기계,없음,978509,1623936,127.2655952,34.60937878
2019,2019-04-11,야,목,1,0,0,0,0,제주,제주시,차량단독,공작물충돌,공작물충돌,안전운전 의무 불이행,교차로,교차로내,승용차,없음,906412,1500683,126.4925266,33.49390905
2019,2019-04-11,야,목,1,0,0,0,0,경북,칠곡군,차대차,기타,기타,안전운전 의무 불이행,단일로,기타단일로,승용차,화물차,1080225,1784799,128.3907546,36.05678664
2019,2019-04-11,주,목,2,0,0,0,0,전남,고흥군,차대차,정면충돌,정면충돌,신호위반,교차로,교차로내,건설기계,화물차,965293,1610523,127.1219963,34.4880594
2019,2019-04-11,주,목,1,0,0,0,0,충북,증평군,차대사람,횡단중,횡단중,보행자 보호의무 위반,교차로,교차로내,화물차,보행자,1007218,1865390,127.5808974,36.78662098
2019,2019-04-11,주,목,1,0,0,0,0,강원,정선군,차량단독,공작물충돌,공작물충돌,안전운전 의무 불이행,교차로,교차로부근,화물차,없음,1110481.5,1941948.1,128.749408,37.47015476
2019,2019-04-11,주,목,1,2,1,1,0,전북,무주군,차대차,측면충돌,측면충돌,신호위반,교차로,교차로내,원동기장치자전거,승합차,1014565,1778604,127.6616125,36.00413373
2019,2019-04-11,주,목,1,0,0,0,0,경북,성주군,차대차,측면충돌,측면충돌,안전운전 의무 불이행,교차로,교차로내,이륜차,화물차,1073279,1772655,128.3125151,35.94785634
2019,2019-04-11,야,목,1,0,0,0,0,경기,시흥시,차대차,정면충돌,정면충돌,안전운전 의무 불이행,단일로,기타단일로,승용차,화물차,944223,1932547,126.8698913,37.39034259
2019,2019-04-11,야,목,1,0,0,0,0,서울,서대문구,차대사람,횡단중,횡단중,안전운전 의무 불이행,단일로,기타단일로,승합차,보행자,950612,1955197,126.9405433,37.59485522
2019,2019-04-11,야,목,1,0,0,0,0,경기,성남시,차대사람,횡단중,횡단중,보행자 보호의무 위반,교차로,교차로횡단보도내,승용차,보행자,967017,1934587,127.1272957,37.40982213
2019,2019-04-12,야,금,1,2,0,2,0,경기,하남시,차대차,추돌,추돌,안전운전 의무 불이행,단일로,기타단일로,화물차,특수차,977086,1942957,127.2408128,37.48557034
2019,2019-04-12,주,금,1,0,0,0,0,경기,시흥시,차대차,측면충돌,측면충돌,신호위반,교차로,교차로내,승용차,화물차,929732,1924453,126.7069682,37.3164056
2019,2019-04-12,주,금,1,0,0,0,0,경남,사천시,차량단독,도로이탈,도로이탈 추락,안전운전 의무 불이행,교차로,교차로부근,건설기계,없음,1038312,1674966,127.9202019,35.06904827
2019,2019-04-12,주,금,1,4,3,1,0,전남,나주시,차대차,측면충돌,측면충돌,안전거리 미확보,단일로,기타단일로,승용차,화물차,925508,1664807,126.6839176,34.975426
2019,2019-04-12,주,금,1,1,1,0,0,강원,홍천군,차량단독,공작물충돌,공작물충돌,안전운전 의무 불이행,단일로,기타단일로,승용차,없음,1074541,1971727,128.3460505,37.74213627
2019,2019-04-12,주,금,1,0,0,0,0,강원,홍천군,차대차,측면충돌,측면충돌,교차로 통행방법 위반,교차로,교차로내,승용차,자전거,1034232.3,1965598.7,127.8882682,37.68929715
2019,2019-04-12,야,금,1,0,0,0,0,서울,강서구,차대차,측면충돌,측면충돌,안전거리 미확보,단일로,기타단일로,화물차,이륜차,942351,1950198,126.8473629,37.54931874
2019,2019-04-12,야,금,1,0,0,0,0,충남,천안시,차대차,측면충돌,측면충돌,안전운전 의무 불이행,단일로,기타단일로,자전거,승용차,968369,1870467,127.14528,36.83188708
2019,2019-04-12,야,금,1,0,0,0,0,전남,곡성군,차대사람,기타,기타,안전운전 의무 불이행,단일로,기타단일로,승합차,보행자,975869,1689050,127.2349206,35.19648488
2019,2019-04-12,야,금,1,0,0,0,0,경남,창원시(통합),차대사람,차도통행중,차도통행중,신호위반,교차로,교차로내,승합차,보행자,1098855,1693493,128.5863756,35.23196261
2019,2019-04-12,야,금,1,0,0,0,0,경남,진주시,차대차,측면충돌,측면충돌,안전운전 의무 불이행,교차로,교차로내,승용차,이륜차,1059034,1686306,128.1482775,35.17029721
2019,2019-04-12,야,금,1,3,1,2,0,경기,이천시,차대차,추돌,추돌,안전운전 의무 불이행,단일로,기타단일로,승용차,승용차,990786,1919399,127.3960707,37.27346072
2019,2019-04-13,야,토,1,0,0,0,0,충북,진천군,차대차,추돌,추돌,안전운전 의무 불이행,단일로,기타단일로,승용차,자전거,997958,1872350,127.4770951,36.84938864
2019,2019-04-13,주,토,1,3,1,2,0,전북,완주군,차대차,측면충돌,측면충돌,교차로 통행방법 위반,교차로,교차로내,승용차,승용차,970568,1771211,127.1737001,35.93714393
2019,2019-04-13,주,토,1,2,2,0,0,경남,합천군,차대차,정면충돌,정면충돌,중앙선 침범,단일로,기타단일로,승용차,화물차,1056251,1739875,128.1214148,35.65345098
2019,2019-04-13,주,토,1,3,2,0,1,경북,칠곡군,차대차,추돌,추돌,안전운전 의무 불이행,단일로,기타단일로,승용차,건설기계,1094353,1781224,128.547172,36.02329216
2019,2019-04-13,주,토,1,0,0,0,0,경기,양주시,차대차,기타,기타,과속,단일로,기타단일로,승용차,자전거,962068,1981811,127.068923,37.83527315
2019,2019-04-13,야,토,1,0,0,0,0,부산,부산진구,차대사람,차도통행중,차도통행중,안전운전 의무 불이행,단일로,기타단일로,승용차,보행자,1141743,1684354,129.055994,35.14443854
2019,2019-04-13,야,토,1,1,1,0,0,강원,속초시,차대사람,횡단중,횡단중,신호위반,교차로,교차로횡단보도내,이륜차,보행자,1095475,2021590,128.5902439,38.18952336
2019,2019-04-14,야,일,1,0,0,0,0,서울,강북구,차대사람,횡단중,횡단중,안전운전 의무 불이행,단일로,기타단일로,이륜차,보행자,958539,1960370,127.0300422,37.64187187
2019,2019-04-14,주,일,1,0,0,0,0,충남,천안시,차대차,기타,기타,신호위반,교차로,교차로내,이륜차,승합차,968177,1869148,127.1431821,36.81999049
2019,2019-04-14,주,일,1,0,0,0,0,경기,파주시,차대차,정면충돌,정면충돌,안전운전 의무 불이행,교차로,교차로부근,승용차,이륜차,937738,1987353,126.7919635,37.8838835
2019,2019-04-14,주,일,1,2,1,1,0,경기,여주시,차대차,추돌,추돌,안전운전 의무 불이행,단일로,기타단일로,승용차,승용차,1009915,1911754,127.6117344,37.20454112
2019,2019-04-14,주,일,1,0,0,0,0,충남,논산시,차량단독,공작물충돌,공작물충돌,안전운전 의무 불이행,교차로,교차로부근,이륜차,없음,961081,1801951,127.0670077,36.21395069
2019,2019-04-14,주,일,1,0,0,0,0,충남,논산시,차량단독,공작물충돌,공작물충돌,안전운전 의무 불이행,단일로,기타단일로,화물차,없음,964993,1801452,127.1105519,36.20960155
2019,2019-04-14,야,일,1,2,1,1,0,경남,진주시,차대차,측면충돌,측면충돌,신호위반,교차로,교차로내,원동기장치자전거,승용차,1056221,1687354,128.1174598,35.17990804
2019,2019-04-14,야,일,1,1,1,0,0,부산,북구,차대차,측면충돌,측면충돌,기타,단일로,기타단일로,승용차,이륜차,1137235,1694272,129.008174,35.23446498
2019,2019-04-14,야,일,1,0,0,0,0,경남,하동군,차대사람,기타,기타,안전운전 의무 불이행,단일로,기타단일로,승용차,보행자,1035520,1664252,127.8891222,34.97254019
2019,2019-04-14,야,일,1,0,0,0,0,인천,남동구,차대사람,차도통행중,차도통행중,과속,단일로,기타단일로,승용차,보행자,933503.2,1939996.7,126.7481281,37.45677952
2019,2019-04-14,야,일,1,1,1,0,0,경남,함안군,차량단독,도로이탈,도로이탈 추락,안전운전 의무 불이행,단일로,기타단일로,이륜차,없음,1089926,1708074,128.4898629,35.36426067
2019,2019-04-15,야,월,2,0,0,0,0,대구,동구,차량단독,공작물충돌,공작물충돌,안전운전 의무 불이행,교차로,교차로내,승용차,없음,1100231.4,1778197.9,128.6120192,35.99542683
2019,2019-04-15,주,월,1,0,0,0,0,인천,서구,차대차,추돌,추돌,안전운전 의무 불이행,단일로,기타단일로,화물차,승용차,928186,1952615,126.6867794,37.57010717
2019,2019-04-15,주,월,1,2,1,1,0,울산,중구,차대차,추돌,추돌,안전운전 의무 불이행,단일로,기타단일로,승용차,이륜차,1164706,1730081,129.317177,35.5530501
2019,2019-04-15,주,월,1,0,0,0,0,경남,남해군,차대차,측면충돌,측면충돌,안전운전 의무 불이행,단일로,기타단일로,자전거,화물차,1046451,1648420,128.007988,34.82933662
2019,2019-04-15,주,월,1,2,0,2,0,경기,이천시,차대차,정면충돌,정면충돌,중앙선 침범,단일로,기타단일로,승용차,승합차,1001836,1902958,127.5206687,37.1253033