발생년,발생년월일시,주야,요일,사망자수,부상자수,중상자수,경상자수,부상신고자수,발생지시도,발생지시군구,사고유형_대분류,사고유형_중분류,사고유형,가해자법규위반,도로형태_대분류,도로형태,가해자_당사자종별,피해자_당사자종별,발생위치X_UTMK,발생위치Y_UTMK,경도,위도
2019,2019-04-15,야,월,1,1,1,0,0,경북,안동시,차량단독,기타,기타,안전운전 의무 불이행,단일로,기타단일로,승용차,없음,1124170,1839624,128.8873048,36.54629897
2019,2019-04-15,야,월,1,0,0,0,0,충남,당진시,차량단독,전복,전복,안전운전 의무 불이행,단일로,기타단일로,특수차,없음,927032,1883075,126.6805308,36.94324503
2019,2019-04-15,야,월,1,0,0,0,0,대전,유성구,차대사람,횡단중,횡단중,안전운전 의무 불이행,단일로,기타단일로,승용차,보행자,985271,1817556,127.3358367,36.35530832
2019,2019-04-16,주,화,1,2,1,1,0,경남,거창군,차대차,측면충돌,측면충돌,신호위반,교차로,교차로내,승용차,화물차,1037839,1742934,127.918164,35.68190927
2019,2019-04-16,주,화,1,0,0,0,0,경기,수원시,차대사람,횡단중,횡단중,보행자 보호의무 위반,교차로,교차로횡단보도내,승합차,보행자,960383,1916382,127.0533066,37.24546847
2019,2019-04-16,주,화,1,0,0,0,0,충남,부여군,차대차,측면충돌,측면충돌,안전운전 의무 불이행,단일로,기타단일로,승용차,화물차,942585,1812376,126.8604749,36.30701055
2019,2019-04-16,주,화,1,0,0,0,0,충북,청주시,차대사람,차도통행중,차도통행중,안전운전 의무 불이행,단일로,지하차도(도로)내,승용차,보행자,1000659,1847064,127.5073701,36.62144157
2019,2019-04-16,주,화,1,0,0,0,0,경북,경주시,차량단독,전복,전복,안전운전 의무 불이행,단일로,기타단일로,이륜차,없음,1151308,1751522,129.1734442,35.74842664
2019,2019-04-16,주,화,1,0,0,0,0,경남,창녕군,차대차,측면충돌,측면충돌,안전운전 의무 불이행,교차로,교차로부근,승용차,이륜차,1088768,1727470,128.4792342,35.53922806
2019,2019-04-16,주,화,1,0,0,0,0,경기,광주시,차대사람,횡단중,횡단중,보행자 보호의무 위반,단일로,기타단일로,승용차,보행자,982784,1941386,127.305301,37.47153371
2019,2019-04-16,주,화,1,2,1,1,0,전남,장흥군,차대차,정면충돌,정면충돌,중앙선 침범,단일로,기타단일로,화물차,건설기계,947683,1611146,126.9301697,34.49293371
2019,2019-04-16,주,화,1,0,0,0,0,전남,고흥군,차량단독,공작물충돌,공작물충돌,안전운전 의무 불이행,교차로,교차로내,승용차,없음,983359.5,1612738.1,127.3187191,34.50848572
2019,2019-04-16,주,화,1,0,0,0,0,전남,해남군,차량단독,도로이탈,도로이탈 추락,안전운전 의무 불이행,단일로,기타단일로,화물차,없음,891568,1628053,126.3168999,34.64099184
2019,2019-04-16,주,화,2,3,2,1,0,경북,포항시,차대차,측면충돌,측면충돌,신호위반,교차로,교차로내,승용차,승용차,1168656,1782975,129.371885,36.02903783
2019,2019-04-16,주,화,1,0,0,0,0,경기,안성시,차량단독,전도,전도,안전운전 의무 불이행,단일로,기타단일로,사륜오토바이(ATV),없음,967489,1897008,127.1342694,37.0711063
2019,2019-04-16,야,화,1,0,0,0,0,경북,포항시,차대사람,횡단중,횡단중,안전운전 의무 불이행,단일로,기타단일로,승용차,보행자,1166873,1780759,129.3516378,36.00937626
2019,2019-04-16,야,화,1,0,0,0,0,경남,창원시(통합),차대사람,보도통행중,보도통행중,안전운전 의무 불이행,단일로,기타단일로,승용차,보행자,1101736,1696822,128.6184435,35.26168644
2019,2019-04-16,야,화,1,0,0,0,0,강원,원주시,차대사람,차도통행중,차도통행중,안전운전 의무 불이행,단일로,기타단일로,화물차,보행자,1042126,1923709,127.9753974,37.31140172
2019,2019-04-16,야,화,1,0,0,0,0,경기,안성시,차대사람,기타,기타,안전운전 의무 불이행,단일로,기타단일로,승용차,보행자,969363,1888274,127.1557061,36.99243924
2019,2019-04-17,야,수,1,0,0,0,0,경남,통영시,차대사람,횡단중,횡단중,과속,교차로,교차로횡단보도내,승용차,보행자,1084406,1652135,128.4234009,34.86039189
2019,2019-04-17,주,수,1,0,0,0,0,부산,해운대구,차대차,측면충돌,측면충돌,안전운전 의무 불이행,단일로,기타단일로,이륜차,건설기계,1147593,1691533,129.1214751,35.20830536
2019,2019-04-17,야,수,1,0,0,0,0,강원,정선군,차대차,추돌,추돌,과속,단일로,기타단일로,승용차,이륜차,1113451,1917558,128.779245,37.25000059
2019,2019-04-17,야,수,1,0,0,0,0,울산,남구,차대사람,횡단중,횡단중,안전운전 의무 불이행,교차로,교차로부근,승합차,보행자,1164588.1,1727981.1,129.3154501,35.5341452
2019,2019-04-18,야,목,1,0,0,0,0,경기,남양주시,차량단독,전도,전도,안전운전 의무 불이행,단일로,기타단일로,승용차,없음,977968,1949357,127.2505974,37.54327858
2019,2019-04-18,야,목,1,0,0,0,0,충남,천안시,차대사람,기타,기타,안전운전 의무 불이행,교차로,교차로부근,승합차,보행자,968940,1873630,127.1515539,36.86041887
2019,2019-04-18,주,목,1,0,0,0,0,충남,금산군,차대차,측면충돌,측면충돌,안전운전 의무 불이행,교차로,교차로내,화물차,이륜차,999972,1789496,127.4996889,36.10244338
2019,2019-04-18,주,목,1,1,1,0,0,제주,제주시,차대차,측면충돌,측면충돌,신호위반,교차로,교차로내,화물차,화물차,943097,1501978,126.8873318,33.50817036
2019,2019-04-18,주,목,1,0,0,0,0,충북,진천군,차량단독,전도,전도,안전운전 의무 불이행,단일로,기타단일로,이륜차,없음,994147,1884250,127.4342556,36.95664611
2019,2019-04-18,주,목,1,0,0,0,0,강원,원주시,차대사람,횡단중,횡단중,안전운전 의무 불이행,교차로,교차로부근,승용차,보행자,1040858,1935097,127.9617168,37.41410502
2019,2019-04-18,주,목,1,2,2,0,0,경남,밀양시,차대차,측면충돌,측면충돌,과속,교차로,교차로내,승용차,승용차,1115303,1708916,128.7692653,35.36924049
2019,2019-04-18,주,목,1,0,0,0,0,전남,해남군,차대차,측면충돌,측면충돌,교차로 통행방법 위반,교차로,교차로내,사륜오토바이(ATV),화물차,892565,1630878,126.3274174,34.66656725
2019,2019-04-18,주,목,1,0,0,0,0,경기,고양시,차대차,추돌,추돌,안전운전 의무 불이행,교차로,교차로부근,이륜차,화물차,940835,1966954,126.8288451,37.70024206
2019,2019-04-18,야,목,1,0,0,0,0,강원,인제군,차량단독,공작물충돌,공작물충돌,과속,기타,기타,화물차,없음,1079811.9,2024685.7,128.4117553,38.21894457
2019,2019-04-19,야,금,1,0,0,0,0,울산,울주군,차대사람,기타,기타,안전운전 의무 불이행,단일로,교량위,승용차,보행자,1159519,1726659,129.2593003,35.52305854
2019,2019-04-19,야,금,2,0,0,0,0,경기,시흥시,차대차,정면충돌,정면충돌,안전운전 의무 불이행,교차로,교차로내,승용차,승용차,932326,1927849,126.7359313,37.34720673
2019,2019-04-19,야,금,1,2,1,1,0,경북,상주시,차대차,정면충돌,정면충돌,중앙선 침범,단일로,기타단일로,승용차,화물차,1064401,1824539,128.2183414,36.41621466
2019,2019-04-19,야,금,1,2,0,2,0,경기,부천시,차대차,추돌,추돌,안전거리 미확보,단일로,기타단일로,화물차,화물차,940054.4,1947352.6,126.8215974,37.52352665
2019,2019-04-19,주,금,1,0,0,0,0,경기,남양주시,차대사람,차도통행중,차도통행중,안전운전 의무 불이행,교차로,교차로내,건설기계,보행자,976485,1951365,127.2337456,37.56134102
2019,2019-04-19,주,금,2,0,0,0,0,전북,익산시,차대차,측면충돌,측면충돌,안전운전 의무 불이행,단일로,기타단일로,이륜차,건설기계,953103,1774696,126.9798731,35.967881
2019,2019-04-19,주,금,1,3,1,0,2,경북,포항시,차대차,측면충돌,측면충돌,신호위반,교차로,교차로내,이륜차,승용차,1171497,1777136,129.4021368,35.97592659
2019,2019-04-19,주,금,1,0,0,0,0,대전,서구,차대차,기타,기타,신호위반,교차로,교차로횡단보도내,승용차,자전거,990530,1818392,127.394441,36.36291134
2019,2019-04-19,주,금,1,4,3,0,1,경북,경주시,차량단독,공작물충돌,공작물충돌,안전운전 의무 불이행,단일로,기타단일로,승용차,없음,1148807.7,1759297.4,129.147247,35.81888415
2019,2019-04-19,야,금,1,0,0,0,0,강원,원주시,차대차,측면충돌,측면충돌,안전운전 의무 불이행,교차로,교차로내,이륜차,화물차,1039794,1932058,127.9495297,37.38675922
2019,2019-04-19,야,금,1,0,0,0,0,광주,북구,차대사람,횡단중,횡단중,안전운전 의무 불이행,교차로,교차로횡단보도내,승용차,보행자,945514,1686422.3,126.9016558,35.17160283
2019,2019-04-19,야,금,1,0,0,0,0,전남,고흥군,차대차,추돌,추돌,안전운전 의무 불이행,단일로,기타단일로,화물차,승합차,985776,1645946,127.3444858,34.807988
2019,2019-04-19,야,금,1,0,0,0,0,부산,금정구,차대사람,기타,기타,안전운전 의무 불이행,단일로,기타단일로,화물차,보행자,1144481,1696021,129.0880864,35.2492115
2019,2019-04-20,야,토,1,0,0,0,0,경기,성남시,차대사람,횡단중,횡단중,안전운전 의무 불이행,단일로,기타단일로,승용차,보행자,968465,1940335,127.1434119,37.46168269
2019,2019-04-20,야,토,1,0,0,0,0,서울,성동구,차량단독,공작물충돌,공작물충돌,안전운전 의무 불이행,단일로,기타단일로,이륜차,없음,961379,1949340,127.0628145,37.54257943
2019,2019-04-20,야,토,1,0,0,0,0,강원,강릉시,차대사람,횡단중,횡단중,안전운전 의무 불이행,교차로,교차로내,승용차,보행자,1116804,1987181,128.8281368,37.87697026
2019,2019-04-20,주,토,1,0,0,0,0,경북,영덕군,차량단독,전도,전도,안전운전 의무 불이행,단일로,기타단일로,특수차,없음,1171290,1832361,129.4119192,36.47357354
2019,2019-04-20,주,토,1,0,0,0,0,전북,전주시,차대사람,차도통행중,차도통행중,중앙선 침범,단일로,기타단일로,승용차,보행자,965164,1756694,127.1144241,35.80608184
2019,2019-04-20,주,토,1,1,1,0,0,경기,남양주시,차량단독,기타,기타,안전운전 의무 불이행,단일로,기타단일로,승용차,없음,979852,1961417,127.2715921,37.65202385
2019,2019-04-20,야,토,1,0,0,0,0,충북,제천시,차대사람,횡단중,횡단중,안전운전 의무 불이행,단일로,지하차도(도로)내,승용차,보행자,1057178,1881235,128.1420115,36.92775051
2019,2019-04-20,야,토,1,0,0,0,0,세종,세종시,차대차,추돌,추돌,안전운전 의무 불이행,단일로,기타단일로,승합차,이륜차,979649,1838593,127.2726238,36.54485843
2019,2019-04-20,야,토,1,0,0,0,0,제주,서귀포시,차량단독,공작물충돌,공작물충돌,안전운전 의무 불이행,단일로,기타단일로,승용차,없음,938291.6,1482208.8,126.8369521,33.32960206
2019,2019-04-21,야,일,1,5,1,4,0,서울,영등포구,차량단독,공작물충돌,공작물충돌,안전운전 의무 불이행,단일로,기타단일로,승합차,없음,948495,1946726,126.9171585,37.51838904
2019,2019-04-21,야,일,1,0,0,0,0,충북,충주시,차량단독,공작물충돌,공작물충돌,안전운전 의무 불이행,교차로,교차로부근,승용차,없음,1034043,1888256,127.8825684,36.9921598
2019,2019-04-21,주,일,1,1,1,0,0,전남,영광군,차대차,추돌,추돌,안전운전 의무 불이행,단일로,기타단일로,화물차,농기계,911967,1694031,126.5324801,35.23782205
2019,2019-04-21,주,일,1,0,0,0,0,충북,청주시,차대차,측면충돌,측면충돌,신호위반,교차로,교차로횡단보도내,승용차,자전거,1000300,1845375,127.5033545,36.60621539
2019,2019-04-21,주,일,1,0,0,0,0,전남,무안군,차대사람,기타,기타,안전운전 의무 불이행,교차로,교차로부근,승합차,보행자,896066,1661638,126.3618152,34.94425944
2019,2019-04-21,야,일,1,0,0,0,0,전북,진안군,차량단독,도로이탈,도로이탈 추락,안전운전 의무 불이행,단일로,기타단일로,이륜차,없음,994198.8,1755794.7,127.4357964,35.79857469
2019,2019-04-22,주,월,1,0,0,0,0,경기,하남시,차대사람,기타,기타,신호위반,교차로,교차로부근,승용차,보행자,972837,1950693,127.1924657,37.55518361
2019,2019-04-22,주,월,1,0,0,0,0,제주,제주시,차대차,측면충돌,측면충돌,기타,교차로,교차로내,이륜차,승용차,917054,1503860,126.6067803,33.52343939
2019,2019-04-22,주,월,1,1,0,1,0,충남,당진시,차대차,추돌,추돌,안전운전 의무 불이행,단일로,기타단일로,화물차,화물차,920031,1871795,126.6031046,36.84100441
2019,2019-04-22,주,월,1,0,0,0,0,전북,전주시,차대사람,횡단중,횡단중,과속,단일로,기타단일로,승용차,보행자,961152,1763796,127.0696734,35.86996238
2019,2019-04-22,주,월,1,0,0,0,0,충북,충주시,차량단독,도로이탈,도로이탈 추락,안전운전 의무 불이행,기타,기타,농기계,없음,1035799,1889427,127.9023572,37.00265021
2019,2019-04-22,주,월,2,1,0,1,0,경남,밀양시,차대차,측면충돌,측면충돌,교차로 통행방법 위반,교차로,교차로내,화물차,승용차,1116183,1713161,128.7795546,35.40740537
2019,2019-04-22,야,월,1,0,0,0,0,경기,의정부시,차대사람,기타,기타,과속,단일로,기타단일로,승용차,보행자,965455,1972031,127.1078797,37.74726052
2019,2019-04-23,주,화,1,0,0,0,0,경기,부천시,차대차,측면충돌,측면충돌,신호위반,교차로,교차로내,자전거,승용차,935533,1944265,126.7707034,37.49539337
2019,2019-04-23,주,화,1,0,0,0,0,전남,광양시,차량단독,도로이탈,도로이탈 기타,안전운전 의무 불이행,단일로,기타단일로,화물차,없음,1012834,1666041,127.6406255,34.98921444
2019,2019-04-23,야,화,1,0,0,0,0,충남,천안시,차대사람,차도통행중,차도통행중,안전운전 의무 불이행,단일로,기타단일로,승합차,보행자,967744,1870407,127.1382737,36.83132509
2019,2019-04-24,야,수,1,0,0,0,0,서울,중랑구,차대사람,횡단중,횡단중,안전운전 의무 불이행,단일로,기타단일로,승용차,보행자,964253,1955542,127.0950446,37.59859609
2019,2019-04-24,주,수,1,5,1,4,0,인천,서구,차대차,측면충돌,측면충돌,기타,교차로,교차로내,승용차,승합차,928039,1944329,126.685927,37.49541643
2019,2019-04-24,주,수,1,0,0,0,0,대구,동구,차대차,기타,기타,안전운전 의무 불이행,단일로,터널안,화물차,사륜오토바이(ATV),1104399,1773995,128.657695,35.95710384
2019,2019-04-24,주,수,1,1,0,1,0,인천,부평구,차대차,추돌,추돌,안전운전 의무 불이행,단일로,기타단일로,화물차,화물차,929168,1941364,126.6989833,37.46878077
2019,2019-04-24,주,수,1,0,0,0,0,인천,서구,차대사람,횡단중,횡단중,중앙선 침범,단일로,기타단일로,승합차,보행자,926939,1946335,126.6732849,37.51340954
2019,2019-04-24,야,수,1,0,0,0,0,강원,강릉시,차대사람,횡단중,횡단중,안전운전 의무 불이행,단일로,기타단일로,화물차,보행자,1119210.7,1980379.7,128.854374,37.81537453
2019,2019-04-24,야,수,1,0,0,0,0,전북,익산시,차대사람,차도통행중,차도통행중,안전운전 의무 불이행,단일로,기타단일로,승용차,보행자,962647,1784638,127.085252,36.05792707
2019,2019-04-25,야,목,1,1,0,1,0,강원,홍천군,차량단독,공작물충돌,공작물충돌,안전운전 의무 불이행,단일로,기타단일로,승용차,없음,1042243.3,1973497.6,127.9795865,37.76015584
2019,2019-04-25,야,목,1,0,0,0,0,경기,수원시,차량단독,기타,기타,안전운전 의무 불이행,단일로,기타단일로,이륜차,없음,952587,1919537,126.9652066,37.2735423
2019,2019-04-25,야,목,1,0,0,0,0,경남,사천시,차대사람,횡단중,횡단중,안전운전 의무 불이행,단일로,기타단일로,승용차,보행자,1051197,1666782,128.0610134,34.99468156
2019,2019-04-25,주,목,1,0,0,0,0,전남,무안군,차량단독,도로이탈,도로이탈 추락,안전운전 의무 불이행,단일로,기타단일로,승용차,없음,889562.7,1681948.7,126.2879099,35.12667984
2019,2019-04-25,주,목,1,0,0,0,0,경북,군위군,차대차,기타,기타,안전운전 의무 불이행,단일로,기타단일로,이륜차,화물차,1103548,1790531,128.6504255,36.10625128
2019,2019-04-25,주,목,1,2,2,0,0,인천,중구,차대차,정면충돌,정면충돌,신호위반,교차로,교차로내,승용차,화물차,923252,1941033,126.6321223,37.46532514
2019,2019-04-25,주,목,1,0,0,0,0,경남,창녕군,차대사람,기타,기타,안전운전 의무 불이행,단일로,기타단일로,화물차,보행자,1087904,1731103,128.4700989,35.57205771
2019,2019-04-25,야,목,1,0,0,0,0,충남,공주시,차대사람,기타,기타,안전운전 의무 불이행,교차로,교차로부근,승용차,보행자,966444,1827698,127.1255633,36.44626741
2019,2019-04-25,야,목,1,0,0,0,0,경북,안동시,차량단독,공작물충돌,공작물충돌,안전운전 의무 불이행,단일로,기타단일로,승용차,없음,1106111,1840779,128.6857398,36.55888574
2019,2019-04-26,주,금,1,0,0,0,0,전북,부안군,차대사람,기타,기타,안전운전 의무 불이행,기타,기타,화물차,보행자,916890,1744501,126.5814199,35.6932593
2019,2019-04-26,주,금,1,0,0,0,0,제주,서귀포시,차대사람,기타,기타,안전운전 의무 불이행,단일로,기타단일로,화물차,보행자,887184.3,1472613.5,126.2890897,33.23892778
2019,2019-04-26,주,금,1,0,0,0,0,경기,이천시,차대차,기타,기타,기타,교차로,교차로내,자전거,승용차,995780,1919829,127.452398,37.27737279
2019,2019-04-26,주,금,1,3,0,3,0,전남,순천시,차대차,추돌,추돌,안전거리 미확보,단일로,기타단일로,화물차,화물차,1004918,1658885,127.5538457,34.92475468
2019,2019-04-26,주,금,1,0,0,0,0,전남,영암군,차대사람,횡단중,횡단중,안전운전 의무 불이행,교차로,교차로내,화물차,보행자,918599,1653019,126.6093843,34.86860769
2019,2019-04-26,주,금,1,0,0,0,0,경남,창원시(통합),차대사람,횡단중,횡단중,보행자 보호의무 위반,교차로,교차로횡단보도내,화물차,보행자,1108018,1685267,128.6859764,35.1568579
2019,2019-04-26,주,금,1,0,0,0,0,충북,진천군,차대차,측면충돌,측면충돌,교차로 통행방법 위반,교차로,교차로내,이륜차,승용차,994875,1887883,127.4424082,36.98939992
2019,2019-04-26,야,금,1,0,0,0,0,경기,용인시,차대사람,횡단중,횡단중,안전운전 의무 불이행,단일로,기타단일로,승용차,보행자,974344,1914475,127.2107844,37.22876804
2019,2019-04-26,야,금,1,0,0,0,0,인천,옹진군,차량단독,기타,기타,안전운전 의무 불이행,교차로,교차로내,화물차,없음,841325.5,1963761.9,125.7010762,37.65966043
2019,2019-04-26,야,금,1,0,0,0,0,부산,사상구,차대사람,횡단중,횡단중,안전운전 의무 불이행,교차로,교차로횡단보도내,승용차,보행자,1138152,1685357,129.0167538,35.15397937
2019,2019-04-26,야,금,1,3,1,1,1,경기,성남시,차대차,추돌,추돌,안전거리 미확보,단일로,기타단일로,화물차,승용차,963838,1934556,127.0913756,37.40942402
2019,2019-04-27,야,토,1,0,0,0,0,대구,수성구,차대차,추돌,추돌,안전운전 의무 불이행,단일로,기타단일로,화물차,화물차,1105479,1762033,128.6680833,35.84915976
2019,2019-04-27,주,토,1,0,0,0,0,충북,청주시,차량단독,공작물충돌,공작물충돌,안전운전 의무 불이행,단일로,기타단일로,승용차,없음,992853.3,1844881.6,127.4200932,36.60174064
2019,2019-04-27,주,토,1,0,0,0,0,대구,중구,차대사람,기타,기타,안전운전 의무 불이행,단일로,기타단일로,승용차,보행자,1098901,1764359,128.5955388,35.8708135
2019,2019-04-27,주,토,1,1,1,0,0,전북,무주군,차대차,측면충돌,측면충돌,안전운전 의무 불이행,단일로,기타단일로,승용차,농기계,1015789,1770498,127.6750326,35.93103136
2019,2019-04-27,주,토,1,0,0,0,0,경북,안동시,차대차,기타,기타,안전운전 의무 불이행,교차로,교차로부근,이륜차,승용차,1105384,1842540,128.6778585,36.57483845
2019,2019-04-27,야,토,1,3,3,0,0,충북,충주시,차대차,정면충돌,정면충돌,중앙선 침범,단일로,기타단일로,승용차,화물차,1025166,1900363,127.783217,37.10157488
2019,2019-04-28,야,일,1,0,0,0,0,경북,구미시,차량단독,공작물충돌,공작물충돌,안전운전 의무 불이행,단일로,기타단일로,승용차,없음,1077364,1792500,128.3597474,36.12644135
2019,2019-04-28,야,일,1,0,0,0,0,울산,울주군,차대사람,횡단중,횡단중,신호위반,교차로,교차로내,승용차,보행자,1161970,1714147,129.2838277,35.40989868
2019,2019-04-28,야,일,1,0,0,0,0,충북,충주시,차대사람,횡단중,횡단중,안전운전 의무 불이행,단일로,기타단일로,승용차,보행자,1038281,1887188,127.9301389,36.98236961
2019,2019-04-28,야,일,1,4,0,4,0,전남,진도군,차대차,정면충돌,정면충돌,중앙선 침범,단일로,기타단일로,승용차,승용차,891811,1612328,126.321553,34.49923837
2019,2019-04-28,야,일,1,1,1,0,0,부산,사하구,차대차,측면충돌,측면충돌,신호위반,교차로,교차로내,이륜차,승용차,1132815,1675686,128.9566243,35.06752088
2019,2019-04-28,주,일,1,0,0,0,0,강원,홍천군,차량단독,전도,전도,안전운전 의무 불이행,단일로,기타단일로,이륜차,없음,1037722.3,1974035.6,127.9282891,37.76520253
2019,2019-04-28,야,일,1,0,0,0,0,전북,전주시,차대차,측면충돌,측면충돌,안전운전 의무 불이행,단일로,기타단일로,승용차,이륜차,962539,1765890,127.0849386,35.8888957
2019,2019-04-28,야,일,1,0,0,0,0,경북,안동시,차량단독,도로이탈,도로이탈 추락,안전운전 의무 불이행,단일로,기타단일로,농기계,없음,1121613,1854033,128.8610242,36.67648861
2019,2019-04-29,야,월,1,0,0,0,0,충북,충주시,차량단독,주/정차차량 충돌,주/정차차량 충돌,안전운전 의무 불이행,기타,기타,이륜차,건설기계,1039784,1885215,127.9469226,36.96452221
2019,2019-04-29,야,월,1,0,0,0,0,충남,논산시,차대사람,횡단중,횡단중,안전운전 의무 불이행,교차로,교차로내,승합차,보행자,963739,1799597,127.0966874,36.19283174
2019,2019-04-29,주,월,1,0,0,0,0,인천,강화군,차대차,측면충돌,측면충돌,안전운전 의무 불이행,단일로,기타단일로,화물차,이륜차,891896,1979484,126.2719169,37.80868647
2019,2019-04-29,주,월,1,0,0,0,0,강원,횡성군,차량단독,도로이탈,도로이탈 추락,안전운전 의무 불이행,단일로,기타단일로,농기계,없음,1053430,1946767,128.1046271,37.51864908
2019,2019-04-29,주,월,1,0,0,0,0,충북,청주시,차량단독,공작물충돌,공작물충돌,안전운전 의무 불이행,단일로,기타단일로,승용차,없음,991924,1847411,127.4096762,36.62453577
2019,2019-04-29,주,월,1,0,0,0,0,경기,평택시,차대차,기타,기타,안전거리 미확보,단일로,기타단일로,이륜차,화물차,951568,1893602,126.9553927,37.0397174
2019,2019-04-29,주,월,1,0,0,0,0,경북,경주시,차량단독,공작물충돌,공작물충돌,안전운전 의무 불이행,단일로,기타단일로,화물차,없음,1174415,1752585,129.4291142,35.75417998
2019,2019-04-29,주,월,1,0,0,0,0,울산,울주군,차량단독,주/정차차량 충돌,주/정차차량 충돌,안전운전 의무 불이행,단일로,기타단일로,승용차,승용차,1154773,1719258,129.2055683,35.45710755
2019,2019-04-29,주,월,1,0,0,0,0,충북,음성군,차량단독,공작물충돌,공작물충돌,안전운전 의무 불이행,단일로,기타단일로,이륜차,없음,1013354.2,1902249.1,127.6503217,37.1188196
2019,2019-04-29,주,월,1,0,0,0,0,충남,홍성군,차량단독,전복,전복,안전운전 의무 불이행,단일로,기타단일로,농기계,없음,917033,1838658,126.5730768,36.54205865
2019,2019-04-29,주,월,1,1,0,1,0,전남,영광군,차대차,측면충돌,측면충돌,과속,교차로,교차로내,화물차,농기계,908986,1692902,126.4998469,35.22737699
2019,2019-04-30,야,화,1,1,1,0,0,충북,청주시,차대차,추돌,추돌,안전운전 의무 불이행,단일로,기타단일로,승용차,화물차,989598.2,1847484.4,127.383663,36.62517491
2019,2019-04-30,야,화,1,0,0,0,0,충북,청주시,차대사람,횡단중,횡단중,과속,단일로,기타단일로,승용차,보행자,998074,1845719,127.4784634,36.60931466
2019,2019-04-30,야,화,1,0,0,0,0,경기,용인시,차대사람,차도통행중,차도통행중,안전운전 의무 불이행,단일로,기타단일로,화물차,보행자,963564,1921392,127.088927,37.29075742
2019,2019-04-30,주,화,1,0,0,0,0,충북,괴산군,차대사람,기타,기타,안전운전 의무 불이행,교차로,교차로부근,승용차,보행자,1032408,1874642,127.8636116,36.8694962
2019,2019-04-30,주,화,1,0,0,0,0,전북,김제시,차대차,측면충돌,측면충돌,교차로 통행방법 위반,교차로,교차로내,원동기장치자전거,승용차,936244,1758198,126.7942252,35.81818855
2019,2019-04-30,주,화,1,0,0,0,0,제주,제주시,차대사람,횡단중,횡단중,안전운전 의무 불이행,단일로,기타단일로,승용차,보행자,915346,1500530,126.5887042,33.4932738
2019,2019-04-30,주,화,1,0,0,0,0,충북,보은군,차대차,정면충돌,정면충돌,중앙선 침범,교차로,교차로내,이륜차,건설기계,1027285,1826291,127.8044128,36.43378207
2019,2019-04-30,주,화,1,2,0,2,0,경기,평택시,차대차,측면충돌,측면충돌,신호위반,교차로,교차로내,승용차,승용차,950708,1882617,126.9464407,36.94065358
2019,2019-04-30,주,화,1,0,0,0,0,전북,군산시,차대차,기타,기타,신호위반,교차로,교차로내,자전거,화물차,930063,1775955,126.7242468,35.97785153
2019,2019-04-30,야,화,1,0,0,0,0,대전,서구,차대사람,횡단중,횡단중,안전운전 의무 불이행,교차로,교차로내,승용차,보행자,986057,1811812,127.3446999,36.3035355
2019,2019-05-01,야,수,1,0,0,0,0,경남,창원시(통합),차대사람,차도통행중,차도통행중,과속,단일로,지하차도(도로)내,승용차,보행자,1096729,1693910,128.5630644,35.23592952
2019,2019-05-01,야,수,1,0,0,0,0,인천,부평구,차대사람,횡단중,횡단중,안전운전 의무 불이행,단일로,기타단일로,승용차,보행자,932791,1946183,126.739511,37.51248449
2019,2019-05-01,주,수,1,0,0,0,0,인천,계양구,차대사람,횡단중,횡단중,안전운전 의무 불이행,단일로,기타단일로,승용차,보행자,934845,1951664,126.7622643,37.56203132
2019,2019-05-01,주,수,1,0,0,0,0,경북,군위군,차량단독,도로이탈,도로이탈 추락,안전운전 의무 불이행,단일로,기타단일로,이륜차,없음,1106434,1796176,128.6832468,36.15682216
2019,2019-05-01,주,수,1,0,0,0,0,서울,성동구,차대사람,횡단중,횡단중,신호위반,교차로,교차로횡단보도내,승용차,보행자,960015,1951910,127.0472345,37.56568544
2019,2019-05-01,주,수,1,0,0,0,0,경북,포항시,차량단독,전도,전도,안전운전 의무 불이행,단일로,기타단일로,농기계,없음,1143558,1801428,129.0967961,36.1993657
2019,2019-05-01,야,수,1,0,0,0,0,충북,청주시,차대사람,차도통행중,차도통행중,안전운전 의무 불이행,단일로,기타단일로,승용차,보행자,998090,1854721,127.4786199,36.69046737
2019,2019-05-01,야,수,1,0,0,0,0,경기,하남시,차대차,정면충돌,정면충돌,교차로 통행방법 위반,교차로,교차로내,승용차,이륜차,973998,1949587,127.2056493,37.54524821
2019,2019-05-01,야,수,1,2,0,1,1,대전,서구,차대차,정면충돌,정면충돌,신호위반,교차로,교차로내,이륜차,승용차,987794,1817431,127.3639589,36.35421672
2019,2019-05-01,야,수,1,0,0,0,0,경기,용인시,차대사람,횡단중,횡단중,안전운전 의무 불이행,기타,기타,승용차,보행자,970112,1926251,127.162605,37.33478896
2019,2019-05-01,야,수,1,0,0,0,0,전북,군산시,차대차,추돌,추돌,안전운전 의무 불이행,단일로,기타단일로,승용차,승용차,933945,1777074,126.7672101,35.98821023
2019,2019-05-02,야,목,1,0,0,0,0,대구,동구,차대차,추돌,추돌,안전운전 의무 불이행,단일로,기타단일로,승용차,이륜차,1102313,1769305,128.6339631,35.91504782
2019,2019-05-02,야,목,1,0,0,0,0,경기,부천시,차대사람,기타,기타,안전운전 의무 불이행,단일로,기타단일로,승용차,보행자,937715,1942169,126.7955634,37.47665191
2019,2019-05-02,주,목,1,4,3,1,0,강원,홍천군,차대차,측면충돌,측면충돌,중앙선 침범,단일로,기타단일로,승용차,화물차,1008285,1965183,127.593966,37.68615203