발생년,발생년월일시,주야,요일,사망자수,부상자수,중상자수,경상자수,부상신고자수,발생지시도,발생지시군구,사고유형_대분류,사고유형_중분류,사고유형,가해자법규위반,도로형태_대분류,도로형태,가해자_당사자종별,피해자_당사자종별,발생위치X_UTMK,발생위치Y_UTMK,경도,위도
2019,2019-05-15,야,수,1,0,0,0,0,경기,시흥시,차대차,측면충돌,측면충돌,교차로 통행방법 위반,교차로,교차로내,이륜차,승합차,929817,1927406,126.7076479,37.3430276
2019,2019-05-16,야,목,1,1,1,0,0,경남,거창군,차량단독,공작물충돌,공작물충돌,안전운전 의무 불이행,단일로,기타단일로,승용차,없음,1032028,1746333,127.8540825,35.71276134
2019,2019-05-16,야,목,1,1,1,0,0,경기,화성시,차량단독,공작물충돌,공작물충돌,안전운전 의무 불이행,단일로,기타단일로,화물차,없음,945312,1917019,126.8833376,37.25044717
2019,2019-05-16,야,목,1,0,0,0,0,경북,구미시,차대차,기타,기타,안전운전 의무 불이행,단일로,기타단일로,화물차,화물차,1073221,1812660,128.3155948,36.30849933
2019,2019-05-16,주,목,1,2,0,2,0,서울,송파구,차대차,추돌,추돌,안전운전 의무 불이행,교차로,교차로부근,승용차,화물차,964435,1946416,127.0975489,37.51634726
2019,2019-05-16,주,목,1,1,1,0,0,전남,광양시,차량단독,도로이탈,도로이탈 추락,안전운전 의무 불이행,단일로,기타단일로,농기계,없음,1017242,1680768,127.6892311,35.12194681
2019,2019-05-16,주,목,1,1,0,1,0,대전,서구,차대사람,기타,기타,안전운전 의무 불이행,기타,기타,승용차,보행자,986332,1812404,127.3477525,36.30887659
2019,2019-05-16,야,목,1,1,0,1,0,전남,장흥군,차대차,측면충돌,측면충돌,안전운전 의무 불이행,교차로,교차로내,이륜차,화물차,947502,1631690,126.9269279,34.67818218
2019,2019-05-16,야,목,1,0,0,0,0,경북,영덕군,차대사람,차도통행중,차도통행중,안전운전 의무 불이행,단일로,기타단일로,승용차,보행자,1161895,1819769,129.3044741,36.36174306
2019,2019-05-17,야,금,1,0,0,0,0,경기,화성시,차대차,기타,기타,안전운전 의무 불이행,단일로,기타단일로,승용차,승용차,958414,1912753,127.0313087,37.21267164
2019,2019-05-17,주,금,1,0,0,0,0,전북,부안군,차대차,정면충돌,정면충돌,중앙선 침범,기타,기타,이륜차,화물차,933113,1747240,126.7604829,35.7191878
2019,2019-05-17,주,금,1,0,0,0,0,경북,울진군,차대사람,횡단중,횡단중,보행자 보호의무 위반,단일로,기타단일로,승용차,보행자,1173884,1855061,129.4459854,36.67763039
2019,2019-05-17,주,금,1,1,1,0,0,충남,당진시,차대차,정면충돌,정면충돌,중앙선 침범,단일로,기타단일로,화물차,화물차,924658,1869250,126.6552459,36.81844469
2019,2019-05-17,야,금,1,0,0,0,0,강원,원주시,차대사람,횡단중,횡단중,안전운전 의무 불이행,단일로,기타단일로,승용차,보행자,1040768,1929433,127.9603875,37.36305627
2019,2019-05-17,야,금,1,0,0,0,0,경북,영천시,차대차,측면충돌,측면충돌,중앙선 침범,단일로,기타단일로,이륜차,승용차,1129206,1773984,128.9327116,35.95403629
2019,2019-05-17,야,금,1,1,1,0,0,전남,여수시,차대차,측면충돌,측면충돌,중앙선 침범,교차로,교차로부근,승용차,승용차,1023749,1635712,127.7593636,34.71552318
2019,2019-05-18,야,토,1,1,0,1,0,경기,이천시,차대차,추돌,추돌,안전운전 의무 불이행,단일로,기타단일로,승용차,화물차,992439,1915785.2,127.4147524,37.24090073
2019,2019-05-18,야,토,1,1,1,0,0,경기,여주시,차대차,정면충돌,정면충돌,중앙선 침범,단일로,기타단일로,승용차,승용차,1010093,1927528,127.6139545,37.34672591
2019,2019-05-18,야,토,1,2,1,0,1,충북,충주시,차대차,추돌,추돌,과속,단일로,기타단일로,승용차,화물차,1028370,1893434,127.8190124,37.03902401
2019,2019-05-18,주,토,1,0,0,0,0,부산,사하구,차대사람,횡단중,횡단중,안전운전 의무 불이행,단일로,기타단일로,승용차,보행자,1134680,1676606,128.9772218,35.07556672
2019,2019-05-18,주,토,1,0,0,0,0,경기,양주시,차량단독,기타,기타,안전운전 의무 불이행,단일로,기타단일로,이륜차,없음,953295,1966981,126.9701806,37.70120519
2019,2019-05-18,야,토,1,2,1,1,0,강원,횡성군,차량단독,공작물충돌,공작물충돌,안전운전 의무 불이행,단일로,기타단일로,승용차,없음,1058948,1935913,128.1661977,37.42048472
2019,2019-05-18,야,토,1,0,0,0,0,전남,여수시,차량단독,전복,전복,안전운전 의무 불이행,단일로,기타단일로,승용차,없음,1009402.8,1650703.7,127.6028563,34.85094736
2019,2019-05-18,야,토,1,0,0,0,0,광주,광산구,차대차,추돌,추돌,안전운전 의무 불이행,교차로,교차로내,승용차,이륜차,935552.6,1682919.6,126.7925439,35.13943095
2019,2019-05-18,야,토,1,0,0,0,0,전남,해남군,차대사람,횡단중,횡단중,과속,교차로,교차로부근,승용차,보행자,916002,1618577,126.5844026,34.5578428
2019,2019-05-19,야,일,1,0,0,0,0,경기,광주시,차대사람,횡단중,횡단중,안전운전 의무 불이행,단일로,기타단일로,승용차,보행자,987179,1927841,127.3552398,37.34951358
2019,2019-05-19,야,일,1,1,1,0,0,전북,부안군,차대차,정면충돌,정면충돌,중앙선 침범,단일로,기타단일로,승용차,승용차,931278,1750438,126.7399224,35.74789315
2019,2019-05-19,주,일,1,0,0,0,0,경남,합천군,차대차,측면충돌,측면충돌,기타,교차로,교차로내,승용차,화물차,1076577,1731960,128.3451896,35.58072518
2019,2019-05-19,주,일,1,0,0,0,0,강원,철원군,차량단독,전도,전도,안전운전 의무 불이행,단일로,기타단일로,승합차,없음,974842,2016301,127.2128816,38.14656653
2019,2019-05-19,야,일,1,0,0,0,0,경북,영덕군,차대사람,횡단중,횡단중,안전운전 의무 불이행,교차로,교차로내,승용차,보행자,1168735,1819371,129.3805898,36.35698135
2019,2019-05-19,야,일,1,0,0,0,0,경기,남양주시,차대사람,기타,기타,안전운전 의무 불이행,단일로,기타단일로,화물차,보행자,970934,1967080,127.1702687,37.7028268
2019,2019-05-19,야,일,1,0,0,0,0,인천,서구,차대사람,횡단중,횡단중,신호위반,단일로,기타단일로,승용차,보행자,924398,1957195,126.6434154,37.61108125
2019,2019-05-20,야,월,1,0,0,0,0,경기,성남시,차량단독,공작물충돌,공작물충돌,안전운전 의무 불이행,단일로,기타단일로,이륜차,없음,967095,1933731,127.1282152,37.40210925
2019,2019-05-20,주,월,1,0,0,0,0,경남,창원시(통합),차대차,측면충돌,측면충돌,기타,교차로,교차로내,화물차,이륜차,1098185,1690302,128.5786331,35.20325996
2019,2019-05-20,주,월,1,0,0,0,0,서울,성북구,차대사람,기타,기타,안전운전 의무 불이행,교차로,교차로횡단보도내,승합차,보행자,960894,1956911,127.0569204,37.61079852
2019,2019-05-20,주,월,1,0,0,0,0,경남,밀양시,차대사람,횡단중,횡단중,안전운전 의무 불이행,단일로,기타단일로,승용차,보행자,1113561,1721912,128.7519052,35.48659473
2019,2019-05-20,주,월,1,0,0,0,0,경기,여주시,차대차,기타,기타,과속,교차로,교차로내,승용차,자전거,1013917,1908194,127.6567674,37.17239977
2019,2019-05-20,주,월,1,0,0,0,0,경기,의왕시,차대사람,횡단중,횡단중,안전운전 의무 불이행,교차로,교차로횡단보도내,화물차,보행자,953847,1931797,126.9786552,37.38411183
2019,2019-05-20,주,월,1,0,0,0,0,전남,여수시,차대차,측면충돌,측면충돌,안전운전 의무 불이행,단일로,기타단일로,이륜차,화물차,1019212.1,1640091.9,127.7099161,34.75511553
2019,2019-05-20,주,월,1,0,0,0,0,전북,익산시,차대차,추돌,추돌,안전운전 의무 불이행,단일로,기타단일로,화물차,자전거,949704,1774230,126.9422065,35.96351043
2019,2019-05-20,주,월,1,0,0,0,0,인천,부평구,차대사람,기타,기타,안전운전 의무 불이행,불명,불명,건설기계,보행자,931350.1,1944639,126.7233524,37.49846258
2019,2019-05-20,주,월,1,2,2,0,0,부산,동구,차량단독,공작물충돌,공작물충돌,안전운전 의무 불이행,단일로,고가도로위,승합차,없음,1141620,1682349,129.0543006,35.12638298
2019,2019-05-20,야,월,1,0,0,0,0,경기,안성시,차량단독,전도,전도,안전운전 의무 불이행,교차로,교차로내,사륜오토바이(ATV),없음,994447,1898827,127.4375178,37.0880507
2019,2019-05-21,야,화,1,3,3,0,0,경기,고양시,차대차,측면충돌,측면충돌,중앙선 침범,교차로,교차로부근,승용차,승용차,936249,1966009,126.7769089,37.69141755
2019,2019-05-21,주,화,1,0,0,0,0,제주,제주시,차대차,추돌,추돌,안전운전 의무 불이행,단일로,기타단일로,이륜차,화물차,914967,1502643,126.5844242,33.51229981
2019,2019-05-21,주,화,1,6,4,2,0,전남,곡성군,차량단독,공작물충돌,공작물충돌,과속,단일로,기타단일로,승용차,없음,967686,1698618,127.1446554,35.28252857
2019,2019-05-21,주,화,1,1,0,1,0,충북,괴산군,차량단독,도로이탈,도로이탈 추락,안전운전 의무 불이행,단일로,기타단일로,농기계,없음,1027972,1857547,127.8132133,36.71553329
2019,2019-05-21,야,화,1,0,0,0,0,강원,동해시,차대차,기타,기타,보행자 보호의무 위반,교차로,교차로내,승용차,승용차,1142812.4,1948727.4,129.1162284,37.52680604
2019,2019-05-22,야,수,1,1,1,0,0,충남,공주시,차대차,기타,기타,신호위반,교차로,교차로내,승용차,화물차,966365.6,1830576,127.1245635,36.47221
2019,2019-05-22,야,수,1,1,0,1,0,경북,영주시,차대차,측면충돌,측면충돌,안전운전 의무 불이행,교차로,교차로부근,승용차,승용차,1098601,1869102,128.605482,36.8149724
2019,2019-05-22,주,수,1,0,0,0,0,경기,김포시,차대차,기타,기타,안전운전 의무 불이행,단일로,기타단일로,이륜차,승용차,922491,1963003,126.6211947,37.66326643
2019,2019-05-22,주,수,1,0,0,0,0,전북,익산시,차대차,측면충돌,측면충돌,기타,단일로,기타단일로,화물차,자전거,951529,1771234,126.9626283,35.93659199
2019,2019-05-22,주,수,1,0,0,0,0,경북,경산시,차대차,측면충돌,측면충돌,안전운전 의무 불이행,교차로,교차로부근,화물차,이륜차,1112128,1757546,128.7410698,35.80797533
2019,2019-05-22,주,수,1,2,1,1,0,경기,파주시,차대차,추돌,추돌,안전운전 의무 불이행,단일로,기타단일로,승용차,화물차,929991,1966754,126.7058623,37.69767528
2019,2019-05-22,주,수,1,2,1,0,1,경남,양산시,차대사람,기타,기타,과속,단일로,기타단일로,화물차,보행자,1137865,1705376,129.0169615,35.33446833
2019,2019-05-23,주,목,1,1,1,0,0,부산,북구,차대차,측면충돌,측면충돌,신호위반,교차로,교차로내,이륜차,화물차,1135761.8,1690457.9,128.9913598,35.20028511
2019,2019-05-23,주,목,2,0,0,0,0,세종,세종시,차량단독,공작물충돌,공작물충돌,과속,단일로,고가도로위,승용차,없음,970988,1858358,127.1751108,36.72281301
2019,2019-05-23,주,목,1,3,2,1,0,충남,서산시,차대차,측면충돌,측면충돌,중앙선 침범,단일로,기타단일로,승용차,승용차,902630,1858983,126.4096097,36.72389591
2019,2019-05-23,주,목,1,0,0,0,0,충북,영동군,차대사람,기타,기타,기타,단일로,기타단일로,승합차,보행자,1025653,1800953,127.7853712,36.20539619
2019,2019-05-23,주,목,1,0,0,0,0,경기,포천시,차대사람,횡단중,횡단중,보행자 보호의무 위반,교차로,교차로내,건설기계,보행자,970099,1984646,127.1600721,37.86112362
2019,2019-05-23,주,목,1,0,0,0,0,부산,기장군,차대차,측면충돌,측면충돌,안전운전 의무 불이행,단일로,기타단일로,건설기계,자전거,1161854,1705406,129.2808189,35.33113913
2019,2019-05-23,주,목,1,1,1,0,0,경남,김해시,차대사람,횡단중,횡단중,보행자 보호의무 위반,교차로,교차로내,승용차,보행자,1124424,1693810,128.8673524,35.23197255
2019,2019-05-23,주,목,1,1,1,0,0,강원,고성군,차대차,정면충돌,정면충돌,신호위반,교차로,교차로내,이륜차,화물차,1082710,2048977,128.447705,38.43757563
2019,2019-05-23,주,목,1,0,0,0,0,전북,장수군,차량단독,전도,전도,안전운전 의무 불이행,단일로,기타단일로,화물차,없음,1008695,1755833,127.5962306,35.79889865
2019,2019-05-23,야,목,1,0,0,0,0,경기,여주시,차대사람,기타,기타,안전운전 의무 불이행,단일로,기타단일로,승용차,보행자,1004493,1910529,127.5506253,37.19354069
2019,2019-05-23,야,목,1,0,0,0,0,경남,함양군,차량단독,도로이탈,도로이탈 기타,안전운전 의무 불이행,교차로,교차로부근,이륜차,없음,1017026,1725710,127.6877952,35.52718842
2019,2019-05-23,야,목,1,0,0,0,0,경기,안산시,차대차,추돌,추돌,신호위반,교차로,교차로내,승합차,자전거,936804,1925843,126.7866571,37.32944195
2019,2019-05-24,야,금,1,0,0,0,0,충남,서산시,차량단독,공작물충돌,공작물충돌,안전운전 의무 불이행,교차로,교차로부근,화물차,없음,906143,1860938,126.4487034,36.74187081
2019,2019-05-24,야,금,1,0,0,0,0,경남,창원시(통합),차대사람,횡단중,횡단중,안전운전 의무 불이행,단일로,지하차도(도로)내,승용차,보행자,1098358,1693975,128.5809723,35.23635697
2019,2019-05-24,주,금,1,4,2,2,0,전남,장흥군,차대차,측면충돌,측면충돌,과속,교차로,교차로내,승용차,승합차,957414,1627614,127.0353298,34.6418869
2019,2019-05-24,주,금,1,1,0,1,0,전북,완주군,차대차,추돌,추돌,안전운전 의무 불이행,단일로,교량위,화물차,농기계,975812,1777888,127.2316338,35.997487
2019,2019-05-24,주,금,1,2,2,0,0,경기,남양주시,차대차,측면충돌,측면충돌,중앙선 침범,단일로,기타단일로,승용차,화물차,985091,1960894,127.3309945,37.64740989
2019,2019-05-24,주,금,1,0,0,0,0,경기,안산시,차대사람,기타,기타,안전운전 의무 불이행,교차로,교차로내,화물차,보행자,946996,1923031,126.9018968,37.30473378
2019,2019-05-24,주,금,1,0,0,0,0,경북,포항시,차대사람,횡단중,횡단중,안전운전 의무 불이행,단일로,기타단일로,승용차,보행자,1166749,1781685,129.3504576,36.01774187
2019,2019-05-24,야,금,1,0,0,0,0,경기,남양주시,차대차,정면충돌,정면충돌,신호위반,교차로,교차로내,사륜오토바이(ATV),승합차,973674,1960321,127.2015955,37.64198886
2019,2019-05-24,야,금,1,0,0,0,0,부산,기장군,차대사람,기타,기타,안전운전 의무 불이행,단일로,기타단일로,승용차,보행자,1162336,1705075,129.2860542,35.32807776
2019,2019-05-24,야,금,1,0,0,0,0,서울,노원구,차대사람,기타,기타,안전운전 의무 불이행,교차로,교차로부근,승합차,보행자,960514,1959666,127.0524662,37.63561364
2019,2019-05-24,야,금,1,1,0,1,0,충남,천안시,차대차,측면충돌,측면충돌,신호위반,교차로,교차로내,이륜차,승용차,967033,1866731,127.1304598,36.79816318
2019,2019-05-24,야,금,1,0,0,0,0,경남,창원시(통합),차대사람,차도통행중,차도통행중,안전운전 의무 불이행,단일로,지하차도(도로)내,이륜차,보행자,1119743,1679458,128.8138401,35.10316212
2019,2019-05-25,야,토,1,0,0,0,0,경기,의왕시,차대사람,차도통행중,차도통행중,안전운전 의무 불이행,단일로,터널안,화물차,보행자,959142,1932942,127.0384024,37.39468089
2019,2019-05-25,야,토,1,0,0,0,0,서울,서초구,차대차,기타,기타,안전운전 의무 불이행,단일로,기타단일로,이륜차,승용차,956812,1945542,127.0113416,37.50814421
2019,2019-05-25,야,토,1,2,2,0,0,인천,미추홀구,차대차,기타,기타,안전운전 의무 불이행,단일로,기타단일로,승용차,승용차,923644,1938656,126.6368009,37.4439344
2019,2019-05-25,주,토,1,0,0,0,0,충북,충주시,차량단독,전도,전도,안전운전 의무 불이행,단일로,기타단일로,이륜차,없음,1019781,1900796,127.7226263,37.10560729
2019,2019-05-25,주,토,1,1,0,0,1,충북,청주시,차대차,측면충돌,측면충돌,과속,단일로,기타단일로,승용차,자전거,994260,1848740,127.4357926,36.63653363
2019,2019-05-25,주,토,1,1,1,0,0,경북,영천시,차대차,정면충돌,정면충돌,중앙선 침범,단일로,기타단일로,승용차,화물차,1134435,1781925,128.9920239,36.02490163
2019,2019-05-25,주,토,1,0,0,0,0,전남,진도군,차대차,측면충돌,측면충돌,중앙선 침범,기타,기타,이륜차,승용차,886953.8,1610399.4,126.2689122,34.4813282
2019,2019-05-25,야,토,1,1,0,1,0,부산,부산진구,차대사람,차도통행중,차도통행중,안전운전 의무 불이행,단일로,기타단일로,승용차,보행자,1142056,1684291,129.059418,35.1438265
2019,2019-05-25,야,토,1,0,0,0,0,경기,부천시,차대사람,횡단중,횡단중,과속,단일로,기타단일로,승용차,보행자,934265,1943497,126.7564286,37.48838203
2019,2019-05-26,야,일,1,0,0,0,0,경기,연천군,차량단독,전도,전도,안전운전 의무 불이행,교차로,교차로부근,건설기계,없음,958195,2006559,127.0234714,38.0581494
2019,2019-05-26,야,일,1,0,0,0,0,경기,평택시,차대사람,횡단중,횡단중,안전운전 의무 불이행,교차로,교차로내,승용차,보행자,961217,1896287,127.0637519,37.06436863
2019,2019-05-26,야,일,1,0,0,0,0,경기,화성시,차대사람,횡단중,횡단중,과속,교차로,교차로횡단보도내,승용차,보행자,948405,1902746,126.9191987,37.1219714
2019,2019-05-26,주,일,1,4,1,3,0,경북,경주시,차대차,측면충돌,측면충돌,중앙선 침범,단일로,기타단일로,이륜차,승용차,1141061,1742136,129.0585049,35.66535326
2019,2019-05-26,야,일,1,0,0,0,0,경남,거창군,차대차,측면충돌,측면충돌,안전운전 의무 불이행,교차로,교차로내,승합차,이륜차,1037272,1739218,127.9117261,35.64842662
2019,2019-05-27,야,월,1,0,0,0,0,경기,광명시,차대차,기타,기타,안전운전 의무 불이행,교차로,교차로내,승용차,화물차,943059,1942811,126.8559501,37.48278321
2019,2019-05-27,야,월,1,0,0,0,0,충남,예산군,차량단독,도로이탈,도로이탈 기타,안전운전 의무 불이행,단일로,기타단일로,화물차,없음,942191,1842187,126.8538623,36.57572436
2019,2019-05-27,주,월,1,0,0,0,0,대전,중구,차대사람,횡단중,횡단중,안전운전 의무 불이행,단일로,기타단일로,화물차,보행자,993565,1814742,127.4283013,36.33003017
2019,2019-05-27,주,월,1,1,1,0,0,강원,정선군,차량단독,공작물충돌,공작물충돌,과속,단일로,교량위,승용차,없음,1115108,1915015,128.7975316,37.2268804
2019,2019-05-27,주,월,2,1,0,1,0,충북,충주시,차대차,측면충돌,측면충돌,안전운전 의무 불이행,교차로,교차로내,승용차,건설기계,1041294,1875973,127.9633807,36.88114744
2019,2019-05-27,주,월,1,0,0,0,0,전남,나주시,차대차,측면충돌,측면충돌,신호위반,교차로,교차로내,이륜차,승합차,928184,1667666,126.7129848,35.00139796
2019,2019-05-27,주,월,1,0,0,0,0,경남,밀양시,차대사람,횡단중,횡단중,안전운전 의무 불이행,교차로,교차로내,화물차,보행자,1114983,1720671,128.7674024,35.47524408
2019,2019-05-27,주,월,1,0,0,0,0,경남,양산시,차량단독,도로이탈,도로이탈 추락,안전운전 의무 불이행,단일로,기타단일로,화물차,없음,1146699,1706405,129.1143153,35.34248447
2019,2019-05-27,주,월,1,1,0,0,1,제주,제주시,차대차,기타,기타,중앙선 침범,단일로,기타단일로,화물차,건설기계,924560,1503826,126.6876055,33.52368926
2019,2019-05-27,주,월,1,0,0,0,0,경북,봉화군,차량단독,도로이탈,도로이탈 추락,안전운전 의무 불이행,기타,기타,화물차,없음,1132649,1874307,128.9880236,36.85771727
2019,2019-05-27,야,월,1,1,0,1,0,전남,해남군,차대차,추돌,추돌,안전운전 의무 불이행,단일로,기타단일로,승용차,농기계,924833,1630562,126.6795908,34.66659656
2019,2019-05-27,야,월,1,0,0,0,0,경북,청도군,차대사람,횡단중,횡단중,보행자 보호의무 위반,단일로,기타단일로,승용차,보행자,1127999,1747565,128.9150958,35.71606959
2019,2019-05-27,야,월,1,0,0,0,0,부산,부산진구,차대사람,횡단중,횡단중,신호위반,교차로,교차로내,승합차,보행자,1142055,1686823,129.0598427,35.16664974
2019,2019-05-28,야,화,1,2,2,0,0,인천,연수구,차대차,정면충돌,정면충돌,중앙선 침범,단일로,기타단일로,승용차,승용차,925787,1933267,126.6615667,37.39553875
2019,2019-05-28,야,화,1,1,1,0,0,서울,중랑구,차대차,정면충돌,정면충돌,중앙선 침범,단일로,기타단일로,승용차,화물차,966115,1956942,127.1160727,37.6112852
2019,2019-05-28,주,화,1,0,0,0,0,경남,진주시,차대사람,차도통행중,차도통행중,안전운전 의무 불이행,단일로,기타단일로,승용차,보행자,1056642,1686230,128.1220061,35.16974967
2019,2019-05-28,주,화,1,0,0,0,0,대구,남구,차대사람,횡단중,횡단중,안전운전 의무 불이행,단일로,기타단일로,승용차,보행자,1096586,1761385,128.5695391,35.84423524
2019,2019-05-28,주,화,1,6,3,3,0,충북,보은군,차대차,추돌,추돌,안전운전 의무 불이행,단일로,기타단일로,화물차,승용차,1013585.1,1830665.2,127.6516435,36.47350836
2019,2019-05-28,주,화,1,0,0,0,0,경기,하남시,차대사람,횡단중,횡단중,안전운전 의무 불이행,단일로,기타단일로,승용차,보행자,975895,1949088,127.2271401,37.54080206
2019,2019-05-28,야,화,1,0,0,0,0,전남,고흥군,차량단독,전도,전도,안전운전 의무 불이행,단일로,기타단일로,농기계,없음,989144,1631259,127.3814981,34.67558497
2019,2019-05-29,야,수,1,0,0,0,0,대구,북구,차대차,측면충돌,측면충돌,안전운전 의무 불이행,교차로,교차로내,화물차,자전거,1097295,1767060,128.5780818,35.89532263
2019,2019-05-29,주,수,1,1,1,0,0,충북,보은군,차대차,측면충돌,측면충돌,안전운전 의무 불이행,교차로,교차로내,이륜차,화물차,1016946,1831335,127.689174,36.47949315
2019,2019-05-29,주,수,1,0,0,0,0,경북,군위군,차대차,정면충돌,정면충돌,중앙선 침범,단일로,기타단일로,이륜차,승용차,1088666,1805209,128.486767,36.24003723
2019,2019-05-29,주,수,1,0,0,0,0,전남,나주시,차대사람,횡단중,횡단중,안전운전 의무 불이행,교차로,교차로부근,화물차,보행자,928307,1667029,126.7143875,34.99566312
2019,2019-05-29,주,수,1,1,1,0,0,경북,청송군,차대차,정면충돌,정면충돌,중앙선 침범,단일로,기타단일로,승용차,화물차,1132150,1810923,128.9715477,36.28656579
2019,2019-05-29,주,수,1,0,0,0,0,경남,밀양시,차량단독,전도,전도,안전운전 의무 불이행,단일로,기타단일로,이륜차,없음,1122703,1712768,128.8512846,35.40308079
2019,2019-05-29,주,수,1,0,0,0,0,전남,순천시,차대사람,횡단중,횡단중,과속,교차로,교차로횡단보도내,승용차,보행자,989412.3,1668872.5,127.3839517,35.01477328
2019,2019-05-29,주,수,1,3,1,2,0,경남,함안군,차대차,추돌,추돌,안전거리 미확보,단일로,터널안,화물차,화물차,1094763,1699748,128.5421348,35.28875016
2019,2019-05-29,주,수,1,0,0,0,0,인천,동구,차대차,측면충돌,측면충돌,안전운전 의무 불이행,교차로,교차로내,화물차,자전거,924674,1943962,126.6479012,37.49184034
2019,2019-05-29,주,수,1,0,0,0,0,강원,홍천군,차량단독,공작물충돌,공작물충돌,안전운전 의무 불이행,단일로,기타단일로,화물차,없음,1050376,1980044,128.0723677,37.81874518
2019,2019-05-29,주,수,1,0,0,0,0,충남,아산시,차량단독,공작물충돌,공작물충돌,안전거리 미확보,단일로,기타단일로,화물차,없음,956241,1880019,127.0087255,36.91750803
2019,2019-05-29,야,수,1,0,0,0,0,전북,전주시,차대사람,횡단중,횡단중,안전운전 의무 불이행,단일로,기타단일로,승용차,보행자,964443.2,1762368.5,127.1061935,35.85721719
2019,2019-05-30,주,목,1,0,0,0,0,전북,익산시,차대차,추돌,추돌,안전운전 의무 불이행,단일로,지하차도(도로)내,승용차,자전거,952822,1786651,126.9760437,36.07564815
2019,2019-05-30,주,목,1,0,0,0,0,대구,북구,차대차,기타,기타,안전운전 의무 불이행,단일로,기타단일로,화물차,화물차,1094717,1773768,128.5503199,35.95604516
2019,2019-05-30,주,목,1,0,0,0,0,충남,천안시,차량단독,전도,전도,안전운전 의무 불이행,단일로,기타단일로,이륜차,없음,970110,1865395,127.165003,36.78622185
2019,2019-05-30,야,목,2,2,1,1,0,경기,이천시,차대사람,횡단중,횡단중,과속,교차로,교차로부근,승합차,보행자,994379,1916205,127.436622,37.24469855
2019,2019-05-31,야,금,1,0,0,0,0,인천,연수구,차대차,기타,기타,안전운전 의무 불이행,단일로,기타단일로,이륜차,화물차,926747,1935668,126.6721733,37.41725505
2019,2019-05-31,주,금,1,0,0,0,0,전남,담양군,차량단독,기타,기타,안전운전 의무 불이행,교차로,교차로부근,승용차,없음,957281,1705782,127.029865,35.34673378
2019,2019-05-31,주,금,1,1,1,0,0,전북,남원시,차대차,기타,기타,과속,단일로,기타단일로,승용차,화물차,1002100.2,1721449,127.523154,35.48891231
2019,2019-05-31,주,금,1,0,0,0,0,광주,광산구,차대사람,횡단중,횡단중,보행자 보호의무 위반,단일로,기타단일로,승용차,보행자,936378,1682527,126.8016341,35.13594361
2019,2019-05-31,주,금,1,0,0,0,0,대전,중구,차대사람,횡단중,횡단중,안전운전 의무 불이행,단일로,기타단일로,승용차,보행자,993512,1814083,127.4277163,36.32408864
2019,2019-05-31,야,금,1,0,0,0,0,전북,부안군,차대차,추돌,추돌,안전운전 의무 불이행,단일로,기타단일로,승용차,자전거,934008,1751396,126.7700356,35.75671705
2019,2019-05-31,야,금,1,1,0,1,0,울산,남구,차대차,측면충돌,측면충돌,신호위반,교차로,교차로내,이륜차,승용차,1159008,1728097,129.2539491,35.53610045
2019,2019-06-01,야,토,1,0,0,0,0,전남,순천시,차대사람,차도통행중,차도통행중,과속,단일로,기타단일로,승용차,보행자,1002014,1661871,127.5220579,34.95169096
2019,2019-06-01,야,토,1,0,0,0,0,경남,창원시(통합),차량단독,공작물충돌,공작물충돌,안전운전 의무 불이행,단일로,기타단일로,이륜차,없음,1097510,1690263,128.5712143,35.20297418
2019,2019-06-01,야,토,1,0,0,0,0,대구,북구,차량단독,전도,전도,안전운전 의무 불이행,단일로,기타단일로,이륜차,없음,1094542,1767586,128.5476441,35.90033424
2019,2019-06-01,주,토,1,0,0,0,0,전남,담양군,차대사람,횡단중,횡단중,과속,교차로,교차로내,승용차,보행자,953788.3,1702865.5,126.9915929,35.32028129
2019,2019-06-01,주,토,1,3,3,0,0,충북,충주시,차대차,측면충돌,측면충돌,과속,단일로,기타단일로,승용차,승용차,1026554,1893846,127.7986068,37.04279102
2019,2019-06-01,주,토,1,0,0,0,0,경북,영주시,차대사람,횡단중,횡단중,보행자 보호의무 위반,단일로,기타단일로,화물차,보행자,1087458,1876799,128.4814545,36.88544374
2019,2019-06-01,주,토,1,3,3,0,0,인천,강화군,차대차,추돌,추돌,안전운전 의무 불이행,단일로,기타단일로,화물차,승용차,912196,1973302,126.5032417,37.75515349
2019,2019-06-01,야,토,1,0,0,0,0,전북,전주시,차대차,추돌,추돌,안전운전 의무 불이행,단일로,기타단일로,승용차,이륜차,955710,1764432,127.0093579,35.87546538
2019,2019-06-01,야,토,1,0,0,0,0,충남,홍성군,차대사람,차도통행중,차도통행중,안전운전 의무 불이행,단일로,기타단일로,승용차,보행자,921926,1837433,126.6278604,36.53142876
2019,2019-06-01,야,토,1,0,0,0,0,대구,수성구,차대사람,기타,기타,안전운전 의무 불이행,단일로,기타단일로,승용차,보행자,1100090,1759799,128.6081352,35.82958666
2019,2019-06-01,야,토,1,0,0,0,0,서울,강남구,차대사람,기타,기타,안전운전 의무 불이행,단일로,기타단일로,승용차,보행자,959677,1948034,127.0436204,37.53073513
2019,2019-06-02,야,일,1,0,0,0,0,충남,아산시,차량단독,공작물충돌,공작물충돌,안전운전 의무 불이행,교차로,교차로부근,승용차,없음,958797,1864005,127.0382891,36.7732671