발생년,발생년월일시,주야,요일,사망자수,부상자수,중상자수,경상자수,부상신고자수,발생지시도,발생지시군구,사고유형_대분류,사고유형_중분류,사고유형,가해자법규위반,도로형태_대분류,도로형태,가해자_당사자종별,피해자_당사자종별,발생위치X_UTMK,발생위치Y_UTMK,경도,위도
2019,2019-09-02,주,월,1,0,0,0,0,충북,제천시,차량단독,공작물충돌,공작물충돌,안전운전 의무 불이행,교차로,교차로부근,건설기계,없음,1052953,1910747,128.096654,37.19401413
2019,2019-09-02,주,월,1,1,1,0,0,강원,화천군,차량단독,공작물충돌,공작물충돌,안전운전 의무 불이행,단일로,기타단일로,승용차,없음,1021375,2017572,127.7439831,38.15811912
2019,2019-09-02,주,월,1,0,0,0,0,강원,동해시,차량단독,기타,기타,안전운전 의무 불이행,단일로,기타단일로,승용차,없음,1141277.5,1947057.7,129.0985429,37.51199826
2019,2019-09-02,주,월,1,4,0,4,0,충남,예산군,차대차,기타,기타,중앙선 침범,교차로,교차로부근,승용차,승용차,942082.8,1859558.3,126.8513407,36.73230926
2019,2019-09-02,주,월,1,0,0,0,0,서울,동대문구,차량단독,기타,기타,안전운전 의무 불이행,교차로,교차로내,자전거,없음,961169,1953007,127.0602432,37.57562241
2019,2019-09-02,야,월,1,0,0,0,0,충남,태안군,차량단독,공작물충돌,공작물충돌,안전운전 의무 불이행,기타,기타,화물차,없음,896965,1835984,126.3492673,36.51600378
2019,2019-09-02,야,월,1,0,0,0,0,경남,하동군,차대사람,횡단중,횡단중,안전운전 의무 불이행,단일로,기타단일로,화물차,보행자,1023289,1675184,127.7554393,35.07147295
2019,2019-09-02,야,월,1,0,0,0,0,경기,고양시,차대차,추돌,추돌,안전운전 의무 불이행,단일로,기타단일로,승용차,기타,941878,1970054,126.8404283,37.72824831
2019,2019-09-02,야,월,1,0,0,0,0,전남,영광군,차대사람,차도통행중,차도통행중,과속,단일로,기타단일로,승용차,보행자,910201,1696301,126.5128254,35.25813106
2019,2019-09-02,야,월,1,1,0,1,0,경기,가평군,차대차,정면충돌,정면충돌,중앙선 침범,교차로,교차로부근,이륜차,승용차,1001482,1981289,127.5168413,37.83135599
2019,2019-09-02,야,월,1,0,0,0,0,인천,계양구,차대사람,횡단중,횡단중,신호위반,단일로,기타단일로,이륜차,보행자,933237,1949047,126.7442969,37.53832965
2019,2019-09-03,야,화,1,0,0,0,0,충남,홍성군,차대사람,길가장자리구역통행중,길가장자리구역통행중,안전운전 의무 불이행,단일로,기타단일로,화물차,보행자,921375,1836044,126.6218476,36.51886302
2019,2019-09-03,주,화,1,0,0,0,0,경남,진주시,차대사람,횡단중,횡단중,안전운전 의무 불이행,단일로,기타단일로,화물차,보행자,1051521,1688842,128.0659364,35.19357706
2019,2019-09-03,주,화,1,0,0,0,0,경기,평택시,차량단독,기타,기타,안전운전 의무 불이행,단일로,기타단일로,화물차,없음,954184,1891936,126.9849094,37.02483142
2019,2019-09-03,주,화,1,1,0,1,0,서울,노원구,차대사람,횡단중,횡단중,안전운전 의무 불이행,단일로,기타단일로,건설기계,보행자,962571,1962740,127.075622,37.66340632
2019,2019-09-03,주,화,1,0,0,0,0,경북,안동시,차대사람,기타,기타,안전운전 의무 불이행,단일로,기타단일로,화물차,보행자,1113659,1851854,128.7717049,36.65783396
2019,2019-09-03,주,화,1,0,0,0,0,부산,북구,차대사람,횡단중,횡단중,안전운전 의무 불이행,기타,기타,이륜차,보행자,1137582,1693554,129.0118662,35.22794539
2019,2019-09-03,야,화,1,0,0,0,0,경기,고양시,차대차,측면충돌,측면충돌,신호위반,교차로,교차로내,승용차,이륜차,938707,1963829,126.80497,37.67193746
2019,2019-09-04,야,수,1,0,0,0,0,부산,동래구,차대사람,기타,기타,중앙선 침범,교차로,교차로내,승용차,보행자,1143703,1691222,129.0786995,35.20606682
2019,2019-09-04,야,수,1,0,0,0,0,경북,문경시,차대차,추돌,추돌,안전운전 의무 불이행,단일로,기타단일로,화물차,화물차,1055008,1854673,128.1157272,36.68844458
2019,2019-09-04,주,수,1,0,0,0,0,전남,여수시,차량단독,공작물충돌,공작물충돌,안전운전 의무 불이행,교차로,교차로내,승용차,없음,1023854,1635603,127.7605072,34.7145378
2019,2019-09-04,주,수,1,3,0,3,0,제주,제주시,차대차,추돌,추돌,안전운전 의무 불이행,단일로,기타단일로,화물차,승용차,892008.1,1497348.5,126.3378964,33.46248156
2019,2019-09-04,야,수,1,0,0,0,0,광주,북구,차대사람,기타,기타,안전운전 의무 불이행,단일로,기타단일로,승합차,보행자,948488,1685850,126.9343494,35.16659946
2019,2019-09-04,야,수,1,1,0,1,0,경기,양평군,차대사람,횡단중,횡단중,과속,단일로,기타단일로,승용차,보행자,1002710,1943584,127.5306561,37.49150224
2019,2019-09-04,야,수,1,1,0,0,1,경남,양산시,차대차,측면충돌,측면충돌,신호위반,교차로,교차로내,승용차,승합차,1151080,1713104,129.1637462,35.40220972
2019,2019-09-05,야,목,1,0,0,0,0,경남,김해시,차대사람,횡단중,횡단중,보행자 보호의무 위반,교차로,교차로내,승용차,보행자,1123274,1693773,128.8547121,35.2317811
2019,2019-09-05,야,목,1,0,0,0,0,대전,유성구,차대사람,기타,기타,안전운전 의무 불이행,단일로,기타단일로,화물차,보행자,985316,1817863,127.3363325,36.35807673
2019,2019-09-05,야,목,1,0,0,0,0,부산,부산진구,차대사람,차도통행중,차도통행중,안전운전 의무 불이행,교차로,교차로내,승용차,보행자,1141891,1685915,129.0578864,35.15848833
2019,2019-09-05,야,목,1,1,0,0,1,제주,제주시,차대사람,기타,기타,안전운전 의무 불이행,단일로,기타단일로,승용차,보행자,911957,1497223,126.5525508,33.46317615
2019,2019-09-05,주,목,1,0,0,0,0,경기,의왕시,차대사람,횡단중,횡단중,보행자 보호의무 위반,단일로,기타단일로,화물차,보행자,953596,1927478,126.9760907,37.34517001
2019,2019-09-05,주,목,1,0,0,0,0,충북,청주시,차량단독,공작물충돌,공작물충돌,안전운전 의무 불이행,단일로,지하차도(도로)내,화물차,없음,1007877,1848415,127.5881084,36.63358848
2019,2019-09-05,주,목,1,1,0,1,0,인천,미추홀구,차대차,정면충돌,정면충돌,중앙선 침범,교차로,교차로부근,승용차,승합차,925388,1938074,126.6565736,37.4388313
2019,2019-09-05,주,목,1,0,0,0,0,전북,김제시,차대사람,기타,기타,안전운전 의무 불이행,단일로,기타단일로,승합차,보행자,941201,1756472,126.8492226,35.8029372
2019,2019-09-05,주,목,1,0,0,0,0,경북,울진군,차대사람,기타,기타,안전운전 의무 불이행,교차로,교차로부근,화물차,보행자,1170778,1897677,129.4208352,37.06214524
2019,2019-09-05,주,목,1,0,0,0,0,제주,제주시,차대사람,횡단중,횡단중,안전운전 의무 불이행,단일로,기타단일로,농기계,보행자,935492.8,1507050.7,126.8050972,33.55348883
2019,2019-09-05,주,목,1,2,0,2,0,서울,금천구,차대차,정면충돌,정면충돌,중앙선 침범,교차로,교차로부근,승용차,화물차,946701,1939539,126.8973788,37.45350934
2019,2019-09-05,야,목,1,1,0,1,0,대전,서구,차대사람,횡단중,횡단중,안전운전 의무 불이행,단일로,기타단일로,이륜차,보행자,988024,1817643,127.3665191,36.35613088
2019,2019-09-05,야,목,1,0,0,0,0,경남,진주시,차대차,측면충돌,측면충돌,중앙선 침범,단일로,기타단일로,자전거,승용차,1054370,1687252,128.0971251,35.17909026
2019,2019-09-06,야,금,1,0,0,0,0,경남,고성군,차대사람,차도통행중,차도통행중,안전운전 의무 불이행,단일로,기타단일로,승용차,보행자,1074627,1664031,128.3174917,34.9684192
2019,2019-09-06,야,금,1,0,0,0,0,서울,중랑구,차대사람,횡단중,횡단중,과속,교차로,교차로횡단보도내,승합차,보행자,964032,1955482,127.092544,37.59804667
2019,2019-09-06,야,금,1,0,0,0,0,대구,중구,차대차,측면충돌,측면충돌,중앙선 침범,단일로,기타단일로,이륜차,승용차,1100022,1763403,128.6078342,35.86208181
2019,2019-09-06,야,금,1,0,0,0,0,전남,순천시,차대사람,보도통행중,보도통행중,신호위반,교차로,교차로횡단보도내,승용차,보행자,1001976,1663278,127.521645,34.96437866
2019,2019-09-06,주,금,1,0,0,0,0,경북,경산시,차대사람,횡단중,횡단중,안전운전 의무 불이행,단일로,기타단일로,승합차,보행자,1119792,1758603,128.8260362,35.81659737
2019,2019-09-06,주,금,1,0,0,0,0,경북,경산시,차량단독,전도,전도,안전운전 의무 불이행,단일로,기타단일로,이륜차,없음,1120526,1756972,128.8339133,35.801806
2019,2019-09-06,야,금,1,0,0,0,0,충남,아산시,차대차,기타,기타,안전운전 의무 불이행,단일로,기타단일로,승용차,승용차,955642,1865493,127.0028495,36.7865381
2019,2019-09-06,야,금,1,0,0,0,0,대구,북구,차대차,추돌,추돌,안전운전 의무 불이행,단일로,터널안,화물차,화물차,1092895,1770063,128.5296853,35.92282127
2019,2019-09-06,야,금,1,0,0,0,0,경북,청도군,차량단독,기타,기타,안전운전 의무 불이행,단일로,기타단일로,개인형이동수단(PM),없음,1117693,1743985,128.8006607,35.68508498
2019,2019-09-06,야,금,1,1,0,1,0,인천,서구,차대차,정면충돌,정면충돌,신호위반,교차로,교차로내,이륜차,승용차,926092,1949317,126.6634016,37.54021784
2019,2019-09-07,야,토,1,0,0,0,0,경북,구미시,차대사람,기타,기타,중앙선 침범,단일로,기타단일로,화물차,보행자,1079221,1802358,128.3813767,36.21515757
2019,2019-09-07,주,토,1,0,0,0,0,대구,북구,차량단독,기타,기타,안전운전 의무 불이행,단일로,기타단일로,승용차,없음,1099014.5,1768967.3,128.597369,35.91234332
2019,2019-09-07,주,토,1,1,0,1,0,경기,용인시,차대차,측면충돌,측면충돌,안전운전 의무 불이행,단일로,기타단일로,화물차,자전거,965593,1917447,127.1120004,37.25527524
2019,2019-09-07,주,토,1,4,2,2,0,강원,원주시,차대차,측면충돌,측면충돌,중앙선 침범,단일로,기타단일로,승용차,승합차,1034028,1910363,127.8834025,37.19143479
2019,2019-09-07,야,토,1,0,0,0,0,서울,강서구,차대사람,횡단중,횡단중,안전운전 의무 불이행,교차로,교차로내,화물차,보행자,939240,1950878,126.8120896,37.55524762
2019,2019-09-07,야,토,1,0,0,0,0,경기,김포시,차대사람,기타,기타,안전운전 의무 불이행,단일로,기타단일로,승용차,보행자,922659,1968267,126.6225405,37.71072147
2019,2019-09-07,야,토,2,0,0,0,0,경기,안양시,차대사람,횡단중,횡단중,안전운전 의무 불이행,교차로,교차로부근,승용차,보행자,951973,1930281,126.9575857,37.37035223
2019,2019-09-07,야,토,1,0,0,0,0,경기,남양주시,차대사람,횡단중,횡단중,안전운전 의무 불이행,단일로,기타단일로,승용차,보행자,976488,1951369,127.2337795,37.56137715
2019,2019-09-08,야,일,1,0,0,0,0,강원,춘천시,차량단독,공작물충돌,공작물충돌,안전운전 의무 불이행,단일로,기타단일로,승용차,없음,1020320,1985412,127.7310294,37.86829167
2019,2019-09-08,야,일,1,1,1,0,0,경남,양산시,차대사람,기타,기타,안전운전 의무 불이행,단일로,기타단일로,특수차,보행자,1141033,1710613,129.0527121,35.38123013
2019,2019-09-08,주,일,1,0,0,0,0,전남,해남군,차량단독,기타,기타,안전운전 의무 불이행,단일로,기타단일로,농기계,없음,917976,1596861,126.6080024,34.36218597
2019,2019-09-08,주,일,1,1,0,1,0,경북,포항시,차대사람,기타,기타,안전운전 의무 불이행,단일로,기타단일로,승용차,보행자,1166810,1778942,129.3505563,35.99301365
2019,2019-09-08,야,일,1,0,0,0,0,경기,안양시,차대사람,횡단중,횡단중,안전운전 의무 불이행,교차로,교차로횡단보도내,승용차,보행자,951113,1933659,126.94765,37.40075463
2019,2019-09-09,주,월,1,0,0,0,0,경기,안산시,차대차,정면충돌,정면충돌,신호위반,교차로,교차로내,승용차,개인형이동수단(PM),939805,1924302,126.8206546,37.31575183
2019,2019-09-09,주,월,1,0,0,0,0,강원,평창군,차량단독,전복,전복,안전운전 의무 불이행,단일로,기타단일로,승용차,없음,1098101,1974295,128.6137657,37.76305549
2019,2019-09-09,주,월,2,0,0,0,0,전북,장수군,차량단독,공작물충돌,공작물충돌,안전운전 의무 불이행,단일로,기타단일로,화물차,없음,1002268.5,1746891.2,127.525081,35.71831253
2019,2019-09-09,야,월,1,0,0,0,0,충남,아산시,차량단독,공작물충돌,공작물충돌,안전운전 의무 불이행,단일로,기타단일로,화물차,없음,950194,1866851,126.9417037,36.79850869
2019,2019-09-09,야,월,1,0,0,0,0,경남,양산시,차량단독,공작물충돌,공작물충돌,안전운전 의무 불이행,단일로,기타단일로,원동기장치자전거,없음,1137335,1704074,129.0109132,35.32280539
2019,2019-09-09,야,월,1,0,0,0,0,대구,동구,차량단독,도로이탈,도로이탈 추락,안전운전 의무 불이행,단일로,기타단일로,승용차,없음,1103397,1765102,128.6454292,35.87704669
2019,2019-09-10,주,화,1,0,0,0,0,경기,의정부시,차대사람,횡단중,횡단중,안전운전 의무 불이행,단일로,기타단일로,화물차,보행자,965908,1972593,127.1129952,37.75234287
2019,2019-09-10,주,화,1,0,0,0,0,서울,강북구,차대사람,횡단중,횡단중,안전운전 의무 불이행,교차로,교차로내,화물차,보행자,959418,1958883,127.040088,37.62850856
2019,2019-09-10,주,화,1,0,0,0,0,인천,남동구,차대사람,횡단중,횡단중,안전운전 의무 불이행,단일로,기타단일로,승용차,보행자,929192,1940646,126.6993237,37.46231139
2019,2019-09-10,야,화,1,0,0,0,0,경기,평택시,차대사람,기타,기타,안전운전 의무 불이행,단일로,기타단일로,승용차,보행자,943873,1886039,126.8694319,36.97111677
2019,2019-09-10,야,화,1,0,0,0,0,충남,서산시,차대사람,횡단중,횡단중,안전운전 의무 불이행,교차로,교차로내,승용차,보행자,912197,1860466,126.5165594,36.73819614
2019,2019-09-10,야,화,1,0,0,0,0,충남,당진시,차량단독,전복,전복,안전운전 의무 불이행,단일로,기타단일로,승용차,없음,920765,1875028,126.6109985,36.87020707
2019,2019-09-10,야,화,1,0,0,0,0,강원,춘천시,차대사람,횡단중,횡단중,안전운전 의무 불이행,단일로,기타단일로,승용차,보행자,1021238,1984713,127.741446,37.86197063
2019,2019-09-11,주,수,1,0,0,0,0,경기,하남시,차대사람,횡단중,횡단중,보행자 보호의무 위반,교차로,교차로내,승용차,보행자,972160,1950491,127.1848086,37.55334268
2019,2019-09-11,주,수,2,0,0,0,0,강원,화천군,차대사람,길가장자리구역통행중,길가장자리구역통행중,안전운전 의무 불이행,단일로,기타단일로,승용차,보행자,1013020,2017828,127.6486207,38.16058574
2019,2019-09-11,주,수,1,0,0,0,0,강원,춘천시,차대사람,횡단중,횡단중,교차로 통행방법 위반,단일로,기타단일로,승용차,보행자,1020005,1984385,127.7274196,37.85904226
2019,2019-09-11,주,수,1,0,0,0,0,대전,동구,차대사람,차도통행중,차도통행중,안전운전 의무 불이행,교차로,교차로내,승용차,보행자,995526,1812338,127.4501645,36.30836812
2019,2019-09-11,주,수,1,1,0,1,0,충남,아산시,차대사람,횡단중,횡단중,보행자 보호의무 위반,교차로,교차로내,화물차,보행자,955130,1864225,126.9971861,36.7750837
2019,2019-09-11,야,수,1,0,0,0,0,충남,당진시,차대차,추돌,추돌,안전운전 의무 불이행,단일로,기타단일로,승용차,농기계,932309,1869659,126.7409873,36.82270983
2019,2019-09-11,야,수,1,2,1,1,0,전북,전주시,차대차,측면충돌,측면충돌,과속,교차로,교차로내,승용차,승용차,972713,1753992,127.1980698,35.78195919
2019,2019-09-11,야,수,1,0,0,0,0,경북,영주시,차대사람,차도통행중,차도통행중,과속,단일로,기타단일로,승용차,보행자,1102936,1864884,128.6535056,36.77649423
2019,2019-09-11,야,수,1,0,0,0,0,경기,파주시,차대사람,횡단중,횡단중,중앙선 침범,단일로,기타단일로,승용차,보행자,937207,1983972,126.7862194,37.8533761
2019,2019-09-11,야,수,1,0,0,0,0,경남,창원시(통합),차량단독,주/정차차량 충돌,주/정차차량 충돌,안전운전 의무 불이행,단일로,기타단일로,원동기장치자전거,화물차,1106524,1693450,128.6706341,35.23078928
2019,2019-09-11,야,수,1,0,0,0,0,서울,중랑구,차대사람,횡단중,횡단중,과속,단일로,기타단일로,승용차,보행자,963595,1955734,127.0875811,37.60030083
2019,2019-09-12,야,목,1,0,0,0,0,경북,영덕군,차대사람,보도통행중,보도통행중,안전운전 의무 불이행,교차로,교차로부근,승용차,보행자,1168799.9,1815739.5,129.3805257,36.32424812
2019,2019-09-12,야,목,1,0,0,0,0,부산,부산진구,차대사람,차도통행중,차도통행중,안전운전 의무 불이행,단일로,기타단일로,승용차,보행자,1140007,1686141,129.0372461,35.16078968
2019,2019-09-12,주,목,2,0,0,0,0,강원,동해시,철길건널목,철길건널목,철길건널목,기타,철길건널목,철길건널목,승용차,기타,1140448,1955845,129.0908429,37.59129942
2019,2019-09-12,주,목,1,0,0,0,0,경남,거제시,차대차,측면충돌,측면충돌,안전운전 의무 불이행,단일로,기타단일로,승용차,이륜차,1103693,1653588,128.6345472,34.87170692
2019,2019-09-12,야,목,1,0,0,0,0,서울,서대문구,차대사람,횡단중,횡단중,안전운전 의무 불이행,단일로,기타단일로,승합차,보행자,951428.3,1953922,126.9498744,37.58340697
2019,2019-09-12,야,목,1,1,0,1,0,서울,서대문구,차대사람,횡단중,횡단중,안전운전 의무 불이행,단일로,기타단일로,승합차,보행자,948183.5,1952464.6,126.9132284,37.57009432
2019,2019-09-12,야,목,1,0,0,0,0,서울,금천구,차대사람,길가장자리구역통행중,길가장자리구역통행중,안전운전 의무 불이행,단일로,기타단일로,승합차,보행자,946796,1941595,126.8983043,37.472046
2019,2019-09-12,야,목,1,2,0,2,0,경북,경주시,차대차,추돌,추돌,안전운전 의무 불이행,교차로,교차로부근,승용차,승용차,1160112,1756657,129.271801,35.79330943
2019,2019-09-12,야,목,1,0,0,0,0,인천,연수구,차대차,측면충돌,측면충돌,교차로 통행방법 위반,교차로,교차로내,승합차,이륜차,925032,1936641,126.6526954,37.4258872
2019,2019-09-13,야,금,1,1,0,0,1,경기,평택시,차대사람,기타,기타,안전운전 의무 불이행,단일로,기타단일로,승용차,보행자,951265,1888919,126.9522888,36.9974892
2019,2019-09-13,야,금,1,1,1,0,0,서울,용산구,차량단독,공작물충돌,공작물충돌,안전운전 의무 불이행,단일로,지하차도(도로)내,이륜차,없음,956187,1948949,127.0040669,37.53882303
2019,2019-09-13,주,금,1,0,0,0,0,충남,예산군,차량단독,공작물충돌,공작물충돌,안전운전 의무 불이행,교차로,교차로부근,승용차,없음,942013.7,1858642.3,126.8506364,36.72404797
2019,2019-09-14,야,토,1,0,0,0,0,경북,경주시,차량단독,공작물충돌,공작물충돌,안전운전 의무 불이행,교차로,교차로부근,승용차,없음,1157352,1759451,129.2418214,35.81893525
2019,2019-09-14,야,토,1,0,0,0,0,경기,파주시,차대차,측면충돌,측면충돌,안전운전 의무 불이행,단일로,기타단일로,승용차,화물차,933634,1967735,126.7470934,37.70678767
2019,2019-09-14,주,토,1,0,0,0,0,경북,의성군,차대사람,횡단중,횡단중,안전운전 의무 불이행,단일로,기타단일로,승용차,보행자,1108180,1805554,128.7039473,36.24115881
2019,2019-09-14,주,토,1,1,0,1,0,경북,구미시,차대차,측면충돌,측면충돌,신호위반,교차로,교차로내,이륜차,승용차,1084096,1796058,128.4349321,36.15795476
2019,2019-09-14,주,토,1,0,0,0,0,경기,여주시,차대사람,길가장자리구역통행중,길가장자리구역통행중,안전운전 의무 불이행,단일로,기타단일로,화물차,보행자,1003837,1911593,127.5432393,37.20313465
2019,2019-09-14,야,토,1,4,2,2,0,강원,양구군,차량단독,기타,기타,과속,단일로,기타단일로,승용차,없음,1045055,2019030,128.0143612,38.17038654
2019,2019-09-14,야,토,1,0,0,0,0,대구,달서구,차대차,측면충돌,측면충돌,과속,교차로,교차로횡단보도내,승용차,자전거,1094983,1760548,128.5516915,35.83684663
2019,2019-09-15,야,일,1,1,1,0,0,부산,서구,차대차,측면충돌,측면충돌,신호위반,교차로,교차로내,이륜차,승용차,1138540,1679739,129.0200707,35.10328496
2019,2019-09-15,주,일,1,2,0,2,0,전북,군산시,차대차,측면충돌,측면충돌,중앙선 침범,교차로,교차로부근,화물차,승용차,929336,1774427,126.7163197,35.96402398
2019,2019-09-15,주,일,1,0,0,0,0,경북,예천군,차대차,정면충돌,정면충돌,중앙선 침범,단일로,기타단일로,이륜차,화물차,1085592,1854832,128.4580486,36.68761556
2019,2019-09-15,주,일,1,0,0,0,0,경기,화성시,차량단독,전도,전도,안전운전 의무 불이행,단일로,기타단일로,이륜차,없음,946828,1900582,126.9016009,37.10237731
2019,2019-09-15,주,일,1,0,0,0,0,전남,순천시,차대사람,횡단중,횡단중,안전운전 의무 불이행,단일로,기타단일로,승합차,보행자,1000356,1661084,127.5038987,34.94459612
2019,2019-09-15,주,일,1,0,0,0,0,대구,중구,차대사람,횡단중,횡단중,신호위반,교차로,교차로내,승합차,보행자,1098721,1763768,128.593472,35.8655041
2019,2019-09-15,주,일,1,0,0,0,0,전북,전주시,차대차,측면충돌,측면충돌,안전거리 미확보,단일로,기타단일로,이륜차,화물차,962863.1,1758583,127.0888698,35.82302867
2019,2019-09-15,야,일,1,0,0,0,0,전남,함평군,차대사람,횡단중,횡단중,안전운전 의무 불이행,단일로,기타단일로,승용차,보행자,904873,1676828,126.4565079,35.08207664
2019,2019-09-15,야,일,1,0,0,0,0,경기,남양주시,차대사람,횡단중,횡단중,안전운전 의무 불이행,교차로,교차로내,승용차,보행자,971113,1961641,127.1725148,37.65380941
2019,2019-09-15,야,일,1,0,0,0,0,경북,포항시,차대사람,차도통행중,차도통행중,안전운전 의무 불이행,단일로,기타단일로,승용차,보행자,1167983,1781490,129.3641037,36.01577266
2019,2019-09-16,야,월,1,0,0,0,0,전남,여수시,차대차,정면충돌,정면충돌,교차로 통행방법 위반,교차로,교차로내,이륜차,승용차,1022169.5,1639196.3,127.7422056,34.74697926
2019,2019-09-16,주,월,1,0,0,0,0,부산,남구,차대사람,횡단중,횡단중,안전운전 의무 불이행,단일로,기타단일로,화물차,보행자,1142700,1684733,129.0665615,35.14771945
2019,2019-09-16,주,월,1,0,0,0,0,경남,하동군,차대차,기타,기타,신호위반,교차로,교차로내,농기계,화물차,1035994,1664901,127.8943429,34.97837565
2019,2019-09-16,주,월,1,1,0,1,0,충북,청주시,차대차,측면충돌,측면충돌,기타,기타,기타,승용차,승용차,1000051,1846057,127.5005703,36.61236368
2019,2019-09-16,주,월,1,2,1,1,0,경북,청도군,차대차,정면충돌,정면충돌,중앙선 침범,단일로,지하차도(도로)내,승용차,승용차,1108821,1739748,128.7020609,35.64791004
2019,2019-09-16,야,월,1,0,0,0,0,대구,달성군,차대사람,횡단중,횡단중,안전운전 의무 불이행,단일로,기타단일로,승용차,보행자,1085181.5,1767569.3,128.4439296,35.90104374
2019,2019-09-16,야,월,1,0,0,0,0,경남,창원시(통합),차대사람,기타,기타,안전운전 의무 불이행,단일로,기타단일로,승용차,보행자,1119845,1679443,128.8149568,35.10301477
2019,2019-09-16,야,월,1,0,0,0,0,경기,고양시,차대차,측면충돌,측면충돌,신호위반,교차로,교차로내,이륜차,승용차,941042,1960045,126.8317517,37.63798602
2019,2019-09-17,야,화,1,0,0,0,0,서울,동작구,차량단독,기타,기타,안전운전 의무 불이행,단일로,고가도로위,이륜차,없음,947362,1943032,126.9046023,37.48503041
2019,2019-09-17,야,화,1,0,0,0,0,경북,경산시,차대차,측면충돌,측면충돌,안전운전 의무 불이행,교차로,교차로횡단보도내,승용차,자전거,1111832,1758895,128.7379831,35.82016914
2019,2019-09-17,주,화,1,0,0,0,0,전북,군산시,차대차,추돌,추돌,안전운전 의무 불이행,교차로,교차로부근,승합차,승용차,928743,1775063,126.7096866,35.96971448
2019,2019-09-17,주,화,1,2,1,1,0,충남,공주시,차대사람,횡단중,횡단중,보행자 보호의무 위반,교차로,교차로횡단보도내,승합차,보행자,966139,1827959,127.1221486,36.44860963
2019,2019-09-17,주,화,1,0,0,0,0,전남,여수시,차대사람,횡단중,횡단중,안전운전 의무 불이행,단일로,기타단일로,승용차,보행자,1020201,1637514,127.7206592,34.73184956
2019,2019-09-17,주,화,1,0,0,0,0,제주,서귀포시,차량단독,공작물충돌,공작물충돌,안전운전 의무 불이행,단일로,기타단일로,화물차,없음,892771.7,1481020.6,126.348056,33.3153136
2019,2019-09-17,주,화,1,0,0,0,0,충남,부여군,차대사람,기타,기타,안전운전 의무 불이행,단일로,기타단일로,화물차,보행자,944541,1801903,126.8830039,36.21271073
2019,2019-09-17,주,화,1,0,0,0,0,광주,동구,차대차,측면충돌,측면충돌,신호위반,교차로,교차로내,이륜차,승용차,946478,1684654,126.9123563,35.15571039
2019,2019-09-17,주,화,1,0,0,0,0,부산,북구,차대사람,기타,기타,안전운전 의무 불이행,교차로,교차로내,승용차,보행자,1137952,1691590,129.0156016,35.21019115
2019,2019-09-17,주,화,1,0,0,0,0,충남,보령시,차대사람,기타,기타,안전운전 의무 불이행,기타,기타,승용차,보행자,919060,1818628,126.5978137,36.36167933
2019,2019-09-17,주,화,1,0,0,0,0,경북,구미시,차대차,측면충돌,측면충돌,교차로 통행방법 위반,교차로,교차로내,승용차,이륜차,1076221,1799388,128.3477147,36.18862521
2019,2019-09-18,주,수,1,0,0,0,0,경기,남양주시,차대사람,횡단중,횡단중,보행자 보호의무 위반,교차로,교차로내,승합차,보행자,968722,1962181,127.1453859,37.65859821
2019,2019-09-18,주,수,1,0,0,0,0,경북,예천군,차대차,측면충돌,측면충돌,안전운전 의무 불이행,교차로,교차로횡단보도내,이륜차,승용차,1083701,1850161,128.4363746,36.64568085
2019,2019-09-18,주,수,1,0,0,0,0,대전,유성구,차대차,측면충돌,측면충돌,신호위반,교차로,교차로내,승용차,이륜차,983355,1821638,127.3143945,36.39207766
2019,2019-09-18,주,수,1,0,0,0,0,경남,진주시,차대차,기타,기타,중앙선 침범,단일로,기타단일로,자전거,화물차,1052687,1689156,128.0787639,35.19634777
2019,2019-09-18,주,수,1,1,0,1,0,전남,광양시,차대차,측면충돌,측면충돌,안전운전 의무 불이행,단일로,기타단일로,승합차,건설기계,1010951,1658679,127.6198963,34.92284984
2019,2019-09-18,주,수,1,0,0,0,0,경기,부천시,차대차,측면충돌,측면충돌,안전거리 미확보,단일로,기타단일로,자전거,승용차,935451,1945830,126.7696384,37.50949287
2019,2019-09-18,주,수,1,0,0,0,0,전북,정읍시,차량단독,공작물충돌,공작물충돌,안전운전 의무 불이행,단일로,기타단일로,화물차,없음,947503.6,1743912.9,126.9197976,35.69006344
2019,2019-09-18,야,수,1,0,0,0,0,경북,구미시,차량단독,전복,전복,안전운전 의무 불이행,단일로,기타단일로,사륜오토바이(ATV),없음,1065953,1812342,128.2346173,36.30615752
2019,2019-09-18,야,수,1,0,0,0,0,전남,여수시,차대사람,횡단중,횡단중,안전운전 의무 불이행,교차로,교차로횡단보도내,승합차,보행자,1019288.6,1640567.3,127.7107629,34.75940112
2019,2019-09-19,야,목,1,0,0,0,0,강원,원주시,차량단독,공작물충돌,공작물충돌,안전운전 의무 불이행,단일로,기타단일로,이륜차,없음,1039609,1930066,127.9473333,37.3688121
2019,2019-09-19,주,목,1,0,0,0,0,울산,남구,차대차,측면충돌,측면충돌,안전운전 의무 불이행,단일로,기타단일로,이륜차,승용차,1163773,1728050,129.3064772,35.53490113
2019,2019-09-19,주,목,1,1,1,0,0,경남,밀양시,차대차,측면충돌,측면충돌,신호위반,교차로,교차로내,화물차,승용차,1120666,1712224,128.8287768,35.3984258