발생년,발생년월일시,주야,요일,사망자수,부상자수,중상자수,경상자수,부상신고자수,발생지시도,발생지시군구,사고유형_대분류,사고유형_중분류,사고유형,가해자법규위반,도로형태_대분류,도로형태,가해자_당사자종별,피해자_당사자종별,발생위치X_UTMK,발생위치Y_UTMK,경도,위도
2019,2019-09-19,주,목,1,0,0,0,0,경북,경산시,차대사람,길가장자리구역통행중,길가장자리구역통행중,안전운전 의무 불이행,기타,기타,화물차,보행자,1119635.4,1769503.4,128.8259391,35.91486972
2019,2019-09-19,주,목,1,2,1,1,0,전남,나주시,차대차,추돌,추돌,안전운전 의무 불이행,단일로,기타단일로,화물차,화물차,927157,1664681,126.7019923,34.97440997
2019,2019-09-19,주,목,2,1,1,0,0,전남,해남군,차대차,정면충돌,정면충돌,중앙선 침범,단일로,기타단일로,화물차,화물차,924740,1608893,126.6804951,34.47119701
2019,2019-09-19,주,목,1,0,0,0,0,경기,용인시,차대차,추돌,추돌,안전운전 의무 불이행,단일로,교량위,승합차,화물차,962916,1919963,127.0816877,37.27785115
2019,2019-09-19,주,목,1,0,0,0,0,전북,익산시,차대사람,횡단중,횡단중,안전운전 의무 불이행,교차로,교차로내,특수차,보행자,953307,1773685,126.9821951,35.95877598
2019,2019-09-19,주,목,1,0,0,0,0,제주,제주시,차량단독,도로이탈,도로이탈 추락,안전운전 의무 불이행,단일로,기타단일로,사륜오토바이(ATV),없음,887846.8,1553108.3,126.2860692,33.96485776
2019,2019-09-19,야,목,1,0,0,0,0,경기,수원시,차대사람,차도통행중,차도통행중,안전운전 의무 불이행,단일로,기타단일로,승용차,보행자,958686,1917732,127.0340981,37.25756331
2019,2019-09-19,야,목,1,0,0,0,0,경기,김포시,차대사람,횡단중,횡단중,안전운전 의무 불이행,단일로,기타단일로,승용차,보행자,924240,1968247,126.6404777,37.71067334
2019,2019-09-20,야,금,1,0,0,0,0,광주,동구,차대사람,기타,기타,과속,단일로,기타단일로,승용차,보행자,947162,1685449,126.919815,35.16291489
2019,2019-09-20,야,금,1,0,0,0,0,전북,전주시,차대차,추돌,추돌,안전운전 의무 불이행,단일로,기타단일로,승합차,화물차,963128.1,1761002.6,127.0916917,35.84485369
2019,2019-09-20,야,금,1,0,0,0,0,세종,세종시,차대차,추돌,추돌,안전운전 의무 불이행,교차로,교차로부근,이륜차,화물차,977523,1833533,127.2490181,36.49919453
2019,2019-09-20,야,금,1,0,0,0,0,경기,구리시,차대차,측면충돌,측면충돌,신호위반,교차로,교차로내,이륜차,화물차,967388,1955765,127.1305484,37.60072257
2019,2019-09-20,주,금,1,2,1,1,0,전북,군산시,차대차,측면충돌,측면충돌,안전운전 의무 불이행,교차로,교차로내,승용차,승합차,935001,1773787,126.7791936,35.95864802
2019,2019-09-20,주,금,1,0,0,0,0,전남,보성군,차량단독,전도,전도,안전운전 의무 불이행,단일로,기타단일로,이륜차,없음,975398,1646781,127.2309973,34.81531982
2019,2019-09-20,주,금,1,0,0,0,0,전북,고창군,차대차,추돌,추돌,안전운전 의무 불이행,단일로,기타단일로,이륜차,화물차,918979,1705538,126.6083993,35.34215966
2019,2019-09-20,주,금,1,0,0,0,0,서울,관악구,차대차,측면충돌,측면충돌,신호위반,교차로,교차로부근,승용차,이륜차,949975,1942997,126.9341594,37.48486019
2019,2019-09-20,주,금,1,0,0,0,0,충남,천안시,차량단독,공작물충돌,공작물충돌,안전운전 의무 불이행,단일로,기타단일로,승용차,없음,967988,1866550,127.1411722,36.79656432
2019,2019-09-20,야,금,1,0,0,0,0,부산,강서구,차량단독,공작물충돌,공작물충돌,안전운전 의무 불이행,단일로,기타단일로,특수차,없음,1132981,1691867,128.9610488,35.21335934
2019,2019-09-21,야,토,1,0,0,0,0,경기,구리시,차량단독,공작물충돌,공작물충돌,안전운전 의무 불이행,기타,기타,자전거,없음,967288,1952544,127.1295594,37.57168703
2019,2019-09-21,야,토,1,0,0,0,0,서울,동작구,차대차,측면충돌,측면충돌,안전거리 미확보,단일로,기타단일로,승용차,이륜차,952356,1945942,126.9608994,37.51153018
2019,2019-09-21,야,토,1,1,0,1,0,경남,창원시(통합),차대차,기타,기타,과속,단일로,기타단일로,승용차,화물차,1101016,1695749,128.6103974,35.25208586
2019,2019-09-21,주,토,1,0,0,0,0,경기,동두천시,차대사람,차도통행중,차도통행중,과속,단일로,기타단일로,승용차,보행자,960927,1993150,127.0553424,37.93742115
2019,2019-09-21,주,토,1,0,0,0,0,대전,서구,차대차,기타,기타,안전운전 의무 불이행,단일로,기타단일로,이륜차,승용차,989427,1813047,127.3822189,36.31471246
2019,2019-09-21,주,토,1,0,0,0,0,경기,파주시,차량단독,기타,기타,안전운전 의무 불이행,단일로,기타단일로,이륜차,없음,937890,1978460,126.7944559,37.80374613
2019,2019-09-21,주,토,1,3,3,0,0,서울,강동구,차대사람,기타,기타,기타,단일로,기타단일로,승용차,보행자,968700,1949504,127.1456788,37.54433537
2019,2019-09-21,주,토,1,0,0,0,0,강원,춘천시,차대차,측면충돌,측면충돌,안전운전 의무 불이행,단일로,기타단일로,자전거,승합차,1019851,1985764,127.7257068,37.8714746
2019,2019-09-21,주,토,1,0,0,0,0,충남,서천군,차량단독,공작물충돌,공작물충돌,안전운전 의무 불이행,단일로,기타단일로,승용차,없음,921272,1796891,126.6246563,36.16591501
2019,2019-09-21,야,토,1,0,0,0,0,충북,옥천군,차대사람,차도통행중,차도통행중,안전운전 의무 불이행,단일로,기타단일로,승용차,보행자,1009636,1813283,127.6073461,36.31684993
2019,2019-09-21,야,토,1,2,0,2,0,강원,원주시,차대사람,횡단중,횡단중,보행자 보호의무 위반,단일로,기타단일로,승합차,보행자,1038980,1928749,127.9401604,37.35696783
2019,2019-09-21,야,토,1,0,0,0,0,경남,양산시,차량단독,공작물충돌,공작물충돌,안전운전 의무 불이행,단일로,기타단일로,이륜차,없음,1142054,1709478,129.0637517,35.37085483
2019,2019-09-22,야,일,1,0,0,0,0,경기,수원시,차량단독,기타,기타,기타,단일로,기타단일로,승용차,없음,961985,1916507,127.0713628,37.24666196
2019,2019-09-22,주,일,1,0,0,0,0,서울,동대문구,차대사람,차도통행중,차도통행중,안전운전 의무 불이행,교차로,교차로부근,승용차,보행자,961395,1952121,127.0628492,37.56764614
2019,2019-09-22,주,일,1,2,1,1,0,경남,김해시,차대차,측면충돌,측면충돌,과속,단일로,기타단일로,승용차,화물차,1113950,1697315,128.7527605,35.26481526
2019,2019-09-22,주,일,1,17,2,15,0,대구,동구,차량단독,공작물충돌,공작물충돌,과속,단일로,기타단일로,승합차,없음,1107417,1765789,128.6900469,35.88280656
2019,2019-09-22,주,일,1,0,0,0,0,강원,원주시,차량단독,도로이탈,도로이탈 추락,안전운전 의무 불이행,단일로,기타단일로,화물차,없음,1029760,1929768,127.8360914,37.3664944
2019,2019-09-23,야,월,1,0,0,0,0,대구,중구,차대사람,횡단중,횡단중,과속,단일로,기타단일로,승용차,보행자,1099834,1763470,128.6057607,35.86270496
2019,2019-09-23,야,월,1,1,1,0,0,경기,안산시,차대차,기타,기타,중앙선 침범,단일로,기타단일로,이륜차,화물차,938803,1926853,126.8091365,37.33867923
2019,2019-09-23,야,월,1,1,0,1,0,경기,고양시,차대차,추돌,추돌,안전운전 의무 불이행,단일로,기타단일로,화물차,화물차,931528,1963009,126.7236474,37.66403937
2019,2019-09-23,주,월,1,0,0,0,0,충북,음성군,차대차,정면충돌,정면충돌,안전운전 의무 불이행,단일로,기타단일로,승용차,이륜차,1002328,1889479,127.5261656,37.00379804
2019,2019-09-23,주,월,1,2,0,2,0,경기,광주시,차대차,추돌,추돌,안전운전 의무 불이행,단일로,기타단일로,화물차,화물차,972851,1935433,127.1931872,37.41763713
2019,2019-09-23,주,월,1,0,0,0,0,충남,천안시,차대사람,차도통행중,차도통행중,기타,단일로,기타단일로,승용차,보행자,967306,1870370,127.1333635,36.83097651
2019,2019-09-23,주,월,1,0,0,0,0,서울,서초구,차대사람,차도통행중,차도통행중,안전운전 의무 불이행,단일로,기타단일로,건설기계,보행자,957205,1943371,127.0159144,37.48859454
2019,2019-09-23,주,월,1,0,0,0,0,경기,광명시,차대차,측면충돌,측면충돌,신호위반,교차로,교차로내,이륜차,화물차,943807,1939389,126.8646712,37.45198599
2019,2019-09-23,주,월,1,0,0,0,0,전남,광양시,차대차,측면충돌,측면충돌,안전운전 의무 불이행,단일로,기타단일로,승용차,화물차,1014990,1664423,127.6642202,34.97459458
2019,2019-09-23,주,월,1,1,1,0,0,경기,안성시,차대차,기타,기타,안전운전 의무 불이행,단일로,기타단일로,승합차,특수차,970675,1889072,127.1704189,36.99967449
2019,2019-09-23,주,월,1,0,0,0,0,경남,함양군,차대사람,차도통행중,차도통행중,안전운전 의무 불이행,단일로,기타단일로,화물차,보행자,1020293,1724427,127.7237976,35.51555864
2019,2019-09-23,주,월,1,0,0,0,0,서울,서초구,차대사람,보도통행중,보도통행중,보행자 보호의무 위반,교차로,교차로횡단보도내,건설기계,보행자,956187,1945328,127.0042829,37.50618589
2019,2019-09-23,주,월,1,0,0,0,0,전북,전주시,차대사람,횡단중,횡단중,신호위반,단일로,기타단일로,화물차,보행자,968858.1,1760078,127.1551789,35.83671632
2019,2019-09-23,주,월,1,1,1,0,0,전남,고흥군,차대차,추돌,추돌,안전운전 의무 불이행,단일로,기타단일로,화물차,화물차,981385.8,1626577.2,127.2969146,34.63325323
2019,2019-09-23,야,월,1,3,0,3,0,울산,북구,차대차,정면충돌,정면충돌,중앙선 침범,단일로,기타단일로,승용차,승용차,1174970,1737781,129.4320291,35.62067862
2019,2019-09-24,야,화,1,0,0,0,0,경남,창원시(통합),차량단독,공작물충돌,공작물충돌,안전운전 의무 불이행,기타,기타,승용차,없음,1093238,1689730,128.5242299,35.19857488
2019,2019-09-24,주,화,1,0,0,0,0,충남,태안군,차대사람,횡단중,횡단중,안전운전 의무 불이행,교차로,교차로부근,승용차,보행자,892845,1862339,126.299583,36.75308887
2019,2019-09-24,주,화,1,0,0,0,0,경북,문경시,차대차,측면충돌,측면충돌,안전운전 의무 불이행,교차로,교차로내,화물차,이륜차,1063151,1845019,128.2060745,36.60091449
2019,2019-09-24,주,화,1,0,0,0,0,경기,평택시,차대차,측면충돌,측면충돌,신호위반,교차로,교차로내,원동기장치자전거,승용차,960294,1898994,127.0532267,37.08873099
2019,2019-09-24,야,화,1,0,0,0,0,강원,삼척시,차량단독,전도,전도,안전운전 의무 불이행,단일로,기타단일로,농기계,없음,1137459,1918186,129.0499866,37.25242577
2019,2019-09-24,야,화,1,0,0,0,0,충북,충주시,차대차,측면충돌,측면충돌,안전운전 의무 불이행,교차로,교차로부근,승용차,원동기장치자전거,1038309,1887736,127.9304813,36.98730825
2019,2019-09-24,야,화,1,0,0,0,0,대구,북구,차량단독,전도,전도,안전운전 의무 불이행,단일로,기타단일로,자전거,없음,1102111,1766916,128.6314181,35.89353372
2019,2019-09-24,야,화,1,1,0,1,0,충북,제천시,차대차,정면충돌,정면충돌,신호위반,교차로,교차로내,이륜차,승용차,1063418,1906099,128.2141675,37.15146705
2019,2019-09-24,야,화,1,0,0,0,0,대전,유성구,차대사람,횡단중,횡단중,신호위반,교차로,교차로내,화물차,보행자,984732,1817349,127.3298333,36.35343374
2019,2019-09-24,야,화,1,0,0,0,0,경남,양산시,차량단독,공작물충돌,공작물충돌,안전운전 의무 불이행,단일로,기타단일로,승용차,없음,1147708,1706863,129.1254973,35.34646378
2019,2019-09-25,야,수,1,0,0,0,0,경기,고양시,차대차,정면충돌,정면충돌,신호위반,교차로,교차로내,이륜차,승합차,940974,1961231,126.8308851,37.64867087
2019,2019-09-25,야,수,1,0,0,0,0,서울,양천구,차대사람,횡단중,횡단중,안전운전 의무 불이행,교차로,교차로부근,승용차,보행자,945290,1948671,126.880747,37.53573498
2019,2019-09-25,야,수,1,0,0,0,0,전북,군산시,차대사람,횡단중,횡단중,보행자 보호의무 위반,교차로,교차로횡단보도내,승용차,보행자,926171,1775982,126.6810775,35.97780807
2019,2019-09-25,야,수,1,0,0,0,0,인천,남동구,차대차,추돌,추돌,안전운전 의무 불이행,단일로,기타단일로,승용차,화물차,929790,1933537,126.7067615,37.39828426
2019,2019-09-25,주,수,1,0,0,0,0,경기,광주시,차대사람,횡단중,횡단중,안전운전 의무 불이행,교차로,교차로내,화물차,보행자,982749,1924314,127.3053036,37.31764988
2019,2019-09-25,주,수,1,18,7,7,4,경기,의왕시,차량단독,공작물충돌,공작물충돌,안전운전 의무 불이행,단일로,기타단일로,승합차,없음,955710,1931555,126.9997134,37.38202146
2019,2019-09-25,주,수,1,0,0,0,0,강원,삼척시,차량단독,전도,전도,안전운전 의무 불이행,교차로,교차로내,건설기계,없음,1163385.3,1916367.8,129.3418056,37.23185796
2019,2019-09-25,주,수,1,1,0,1,0,제주,서귀포시,차대차,측면충돌,측면충돌,신호위반,교차로,교차로내,화물차,승용차,922476.4,1476604.8,126.6675144,33.27803646
2019,2019-09-25,주,수,1,0,0,0,0,대구,동구,차대차,추돌,추돌,기타,교차로,교차로부근,자전거,화물차,1105508,1765060,128.668805,35.87644284
2019,2019-09-26,야,목,1,2,0,2,0,강원,속초시,차대차,추돌,추돌,안전운전 의무 불이행,단일로,지하차도(도로)내,이륜차,승용차,1093428,2018711,128.5664944,38.16379522
2019,2019-09-26,야,목,1,0,0,0,0,경남,진주시,차대사람,보도통행중,보도통행중,보행자 보호의무 위반,교차로,교차로횡단보도내,승용차,보행자,1056110,1687850,128.1162746,35.18438651
2019,2019-09-26,주,목,1,0,0,0,0,인천,서구,차대사람,차도통행중,차도통행중,안전운전 의무 불이행,교차로,교차로내,화물차,보행자,926719.4,1942396.3,126.6711927,37.4778937
2019,2019-09-26,주,목,1,0,0,0,0,전북,순창군,차대차,측면충돌,측면충돌,신호위반,교차로,교차로내,이륜차,승용차,967408,1709493,127.1411653,35.38057692
2019,2019-09-26,주,목,1,0,0,0,0,충남,천안시,차대차,추돌,추돌,안전운전 의무 불이행,단일로,기타단일로,화물차,화물차,968153,1863351,127.1431554,36.76773223
2019,2019-09-26,주,목,1,0,0,0,0,경남,진주시,차대차,측면충돌,측면충돌,기타,교차로,교차로내,이륜차,화물차,1054374,1680423,128.0967193,35.1175148
2019,2019-09-26,주,목,1,0,0,0,0,경남,창원시(통합),차대사람,횡단중,횡단중,안전운전 의무 불이행,교차로,교차로내,승용차,보행자,1106817,1695001,128.6740549,35.24474066
2019,2019-09-26,주,목,1,0,0,0,0,경남,진주시,차대차,측면충돌,측면충돌,안전운전 의무 불이행,단일로,기타단일로,승용차,자전거,1055030,1690797,128.1046101,35.21101833
2019,2019-09-26,야,목,2,0,0,0,0,경기,이천시,차대차,기타,기타,안전운전 의무 불이행,단일로,기타단일로,승용차,원동기장치자전거,1008662,1904420,127.5975291,37.13844378
2019,2019-09-26,야,목,1,0,0,0,0,경기,남양주시,차대차,기타,기타,안전운전 의무 불이행,단일로,기타단일로,승용차,이륜차,971574,1967767,127.1775021,37.70903895
2019,2019-09-27,야,금,2,7,2,5,0,인천,남동구,차대차,추돌,추돌,안전운전 의무 불이행,단일로,기타단일로,화물차,화물차,932952.9,1938290.4,126.7420616,37.44136097
2019,2019-09-27,야,금,1,0,0,0,0,서울,서초구,차대사람,횡단중,횡단중,안전운전 의무 불이행,단일로,기타단일로,승용차,보행자,954663,1941945,126.9872489,37.47562022
2019,2019-09-27,주,금,1,0,0,0,0,전북,완주군,차대차,측면충돌,측면충돌,안전운전 의무 불이행,단일로,기타단일로,이륜차,화물차,963933,1769326,127.1002278,35.9199266
2019,2019-09-27,주,금,1,0,0,0,0,경북,청도군,차량단독,도로이탈,도로이탈 기타,안전운전 의무 불이행,단일로,기타단일로,화물차,없음,1115529,1739054,128.7760435,35.6408919
2019,2019-09-27,주,금,1,0,0,0,0,경기,하남시,차대차,기타,기타,안전운전 의무 불이행,교차로,교차로내,승용차,자전거,972375,1951231,127.1872148,37.5600191
2019,2019-09-27,주,금,1,0,0,0,0,경북,김천시,차량단독,공작물충돌,공작물충돌,안전운전 의무 불이행,기타,기타,농기계,없음,1068622,1788200,128.262231,36.08833478
2019,2019-09-27,주,금,1,0,0,0,0,경북,상주시,차대사람,횡단중,횡단중,보행자 보호의무 위반,교차로,교차로내,승용차,보행자,1060026,1824494,128.1695415,36.41609258
2019,2019-09-27,주,금,1,0,0,0,0,서울,중랑구,차대차,측면충돌,측면충돌,안전운전 의무 불이행,단일로,기타단일로,자전거,승합차,963026,1955191,127.0811627,37.59538392
2019,2019-09-27,주,금,1,0,0,0,0,경남,창원시(통합),차대차,측면충돌,측면충돌,신호위반,교차로,교차로내,이륜차,승용차,1096641,1691527,128.5618175,35.21445395
2019,2019-09-27,주,금,1,0,0,0,0,경북,안동시,차량단독,기타,기타,안전운전 의무 불이행,단일로,기타단일로,이륜차,없음,1116937,1837994,128.8062656,36.53252085
2019,2019-09-27,야,금,1,0,0,0,0,전남,함평군,차대차,추돌,추돌,안전운전 의무 불이행,단일로,기타단일로,화물차,승용차,907283,1671981,126.4834824,35.03860103
2019,2019-09-27,야,금,1,0,0,0,0,인천,남동구,차대차,측면충돌,측면충돌,신호위반,교차로,교차로내,승용차,이륜차,929460,1940514,126.7023665,37.46114219
2019,2019-09-28,야,토,1,0,0,0,0,전남,강진군,차대사람,기타,기타,안전운전 의무 불이행,단일로,기타단일로,화물차,보행자,936984,1635816,126.8118114,34.71479349
2019,2019-09-28,야,토,1,0,0,0,0,경북,상주시,차량단독,공작물충돌,공작물충돌,안전운전 의무 불이행,교차로,교차로부근,화물차,없음,1057218,1824448,128.1382189,36.4158494
2019,2019-09-28,야,토,1,1,0,1,0,인천,미추홀구,차대차,추돌,추돌,안전운전 의무 불이행,단일로,기타단일로,승용차,특수차,923301,1938889,126.6328995,37.44600598
2019,2019-09-28,야,토,1,0,0,0,0,전북,고창군,차대사람,길가장자리구역통행중,길가장자리구역통행중,안전운전 의무 불이행,단일로,기타단일로,승용차,보행자,924889,1724321,126.6716979,35.51196676
2019,2019-09-28,주,토,1,1,0,1,0,충남,공주시,차대차,추돌,추돌,안전운전 의무 불이행,단일로,기타단일로,특수차,건설기계,952390,1841438,126.967899,36.56953572
2019,2019-09-28,주,토,1,1,0,1,0,전남,여수시,차대차,정면충돌,정면충돌,중앙선 침범,단일로,기타단일로,승용차,승합차,1014784,1640241,127.6615364,34.75653387
2019,2019-09-28,주,토,1,0,0,0,0,경기,이천시,차대차,추돌,추돌,안전운전 의무 불이행,단일로,기타단일로,화물차,승용차,999386,1916298,127.4930769,37.24555362
2019,2019-09-28,주,토,1,3,2,1,0,전북,익산시,차대차,측면충돌,측면충돌,안전운전 의무 불이행,교차로,교차로내,화물차,승용차,952018,1774319,126.9678629,35.96442935
2019,2019-09-28,주,토,1,0,0,0,0,경기,양주시,차대차,추돌,추돌,안전운전 의무 불이행,단일로,지하차도(도로)내,승용차,사륜오토바이(ATV),964069,1979869,127.0917592,37.81785107
2019,2019-09-28,주,토,1,0,0,0,0,강원,강릉시,차량단독,공작물충돌,공작물충돌,안전운전 의무 불이행,교차로,교차로부근,화물차,없음,1124127,1972987,128.9089485,37.74810722
2019,2019-09-28,주,토,1,0,0,0,0,전북,완주군,차대사람,기타,기타,안전운전 의무 불이행,단일로,기타단일로,화물차,보행자,979050,1776683,127.2675911,35.98669785
2019,2019-09-28,주,토,1,3,0,3,0,전남,나주시,차대차,측면충돌,측면충돌,기타,교차로,교차로내,승용차,승용차,924896,1669682,126.6767734,35.01933626
2019,2019-09-28,야,토,1,0,0,0,0,충남,홍성군,차대사람,횡단중,횡단중,안전운전 의무 불이행,단일로,기타단일로,승용차,보행자,924251,1845298,126.6530559,36.60251174
2019,2019-09-28,야,토,1,1,1,0,0,충남,보령시,차대차,측면충돌,측면충돌,안전운전 의무 불이행,단일로,기타단일로,화물차,승용차,917162,1802146,126.5784092,36.21294338
2019,2019-09-29,주,일,1,0,0,0,0,서울,서대문구,차대차,측면충돌,측면충돌,안전거리 미확보,단일로,기타단일로,건설기계,이륜차,950798.8,1951572.8,126.9429027,37.56219988
2019,2019-09-29,주,일,1,0,0,0,0,강원,인제군,차대사람,기타,기타,안전운전 의무 불이행,단일로,기타단일로,화물차,보행자,1062053,2028159,128.2092015,38.25164581
2019,2019-09-29,주,일,1,0,0,0,0,충북,단양군,차량단독,공작물충돌,공작물충돌,안전운전 의무 불이행,기타,기타,이륜차,없음,1069571,1881229,128.2811526,36.92686286
2019,2019-09-29,주,일,1,0,0,0,0,전남,무안군,차대사람,기타,기타,안전운전 의무 불이행,단일로,기타단일로,화물차,보행자,890663,1663261,126.3024451,34.95832293
2019,2019-09-29,야,일,1,1,0,1,0,경기,안성시,차대차,정면충돌,정면충돌,중앙선 침범,단일로,기타단일로,승용차,화물차,990987,1897183,127.3986058,37.0732043
2019,2019-09-29,야,일,1,0,0,0,0,경기,성남시,차대사람,횡단중,횡단중,안전운전 의무 불이행,단일로,기타단일로,승용차,보행자,966817,1935901,127.1249767,37.42165886
2019,2019-09-29,야,일,1,0,0,0,0,경기,군포시,차대사람,기타,기타,안전운전 의무 불이행,단일로,기타단일로,승용차,보행자,951115,1929068,126.947976,37.35937407
2019,2019-09-29,야,일,1,0,0,0,0,경기,의정부시,차대사람,횡단중,횡단중,신호위반,단일로,기타단일로,승용차,보행자,965510,1967851,127.1087023,37.70958781
2019,2019-09-29,야,일,1,0,0,0,0,서울,마포구,차량단독,기타,기타,안전운전 의무 불이행,단일로,기타단일로,개인형이동수단(PM),없음,950462,1949674,126.9392176,37.54506765
2019,2019-09-29,야,일,1,1,1,0,0,충남,부여군,차대차,기타,기타,과속,단일로,기타단일로,승용차,승용차,938589,1808910,126.8162404,36.27551867
2019,2019-09-30,야,월,1,0,0,0,0,인천,남동구,차대사람,차도통행중,차도통행중,과속,단일로,기타단일로,승용차,보행자,930652,1940722.7,126.7158243,37.46311338
2019,2019-09-30,야,월,1,0,0,0,0,강원,홍천군,차대차,추돌,추돌,과속,단일로,기타단일로,화물차,농기계,1023957.6,1959878.3,127.7715445,37.6380635
2019,2019-09-30,야,월,1,0,0,0,0,경기,고양시,차대차,정면충돌,정면충돌,안전운전 의무 불이행,교차로,교차로부근,화물차,이륜차,937632,1962637,126.7928828,37.66112183
2019,2019-09-30,주,월,1,0,0,0,0,충남,천안시,차대사람,기타,기타,기타,단일로,기타단일로,화물차,보행자,970108,1865974,127.1649579,36.79144124
2019,2019-09-30,주,월,1,0,0,0,0,전북,고창군,차대차,기타,기타,안전운전 의무 불이행,교차로,교차로내,화물차,화물차,910053,1709823.4,126.5097133,35.38003055
2019,2019-09-30,주,월,1,0,0,0,0,대전,서구,차대사람,횡단중,횡단중,보행자 보호의무 위반,교차로,교차로횡단보도내,승용차,보행자,989915,1816155,127.3876148,36.34273765
2019,2019-09-30,주,월,1,0,0,0,0,경기,동두천시,차대사람,횡단중,횡단중,안전운전 의무 불이행,단일로,기타단일로,승합차,보행자,961871,1996105,127.0659283,37.96409383
2019,2019-09-30,주,월,1,0,0,0,0,전북,전주시,차대사람,차도통행중,차도통행중,안전운전 의무 불이행,단일로,기타단일로,승용차,보행자,968675,1764417,127.1529811,35.87583089
2019,2019-09-30,주,월,1,0,0,0,0,경기,파주시,차량단독,공작물충돌,공작물충돌,안전운전 의무 불이행,교차로,교차로내,사륜오토바이(ATV),없음,948833,1998073,126.9173659,37.98118911
2019,2019-09-30,야,월,2,2,0,1,1,전남,함평군,차대차,추돌,추돌,안전운전 의무 불이행,단일로,기타단일로,화물차,농기계,905634,1671208,126.4654938,35.03147892
2019,2019-09-30,야,월,1,0,0,0,0,서울,금천구,차대사람,횡단중,횡단중,신호위반,단일로,기타단일로,승용차,보행자,946703,1940747,126.897314,37.46439743
2019,2019-10-01,야,화,1,0,0,0,0,충남,천안시,차대차,추돌,추돌,안전운전 의무 불이행,단일로,기타단일로,승합차,농기계,969240,1872013,127.1549849,36.84585225
2019,2019-10-01,야,화,1,0,0,0,0,서울,영등포구,차대차,추돌,추돌,안전운전 의무 불이행,기타,기타,화물차,자전거,950178,1947106,126.936177,37.5219065
2019,2019-10-01,주,화,2,3,2,1,0,대전,대덕구,차대차,추돌,추돌,안전운전 의무 불이행,기타,기타,화물차,화물차,992684,1827987,127.4183605,36.44943215
2019,2019-10-01,주,화,1,2,0,2,0,서울,강서구,차대차,측면충돌,측면충돌,안전거리 미확보,단일로,기타단일로,이륜차,승용차,940604,1951746,126.8274612,37.56315983
2019,2019-10-01,주,화,1,0,0,0,0,서울,금천구,차대사람,횡단중,횡단중,보행자 보호의무 위반,교차로,교차로내,화물차,보행자,946784,1941504,126.8981752,37.47122511
2019,2019-10-01,주,화,1,0,0,0,0,경남,창원시(통합),차량단독,공작물충돌,공작물충돌,안전운전 의무 불이행,단일로,기타단일로,화물차,없음,1099806,1707985,128.5985894,35.36251866
2019,2019-10-01,주,화,1,0,0,0,0,서울,은평구,차대차,측면충돌,측면충돌,기타,교차로,교차로내,원동기장치자전거,승용차,949424,1957212,126.9269472,37.61295197
2019,2019-10-01,주,화,1,3,2,1,0,충남,부여군,차대차,정면충돌,정면충돌,중앙선 침범,단일로,기타단일로,화물차,화물차,934335,1810195,126.768771,36.2868225
2019,2019-10-02,야,수,1,0,0,0,0,경기,의정부시,차대사람,기타,기타,안전운전 의무 불이행,단일로,기타단일로,승용차,보행자,958918,1971608,127.0337042,37.74317782
2019,2019-10-02,야,수,1,0,0,0,0,서울,서초구,차대차,측면충돌,측면충돌,신호위반,교차로,교차로내,승용차,이륜차,959453,1943015,127.0413621,37.48548723
2019,2019-10-02,야,수,1,0,0,0,0,전북,전주시,차량단독,공작물충돌,공작물충돌,안전운전 의무 불이행,단일로,기타단일로,이륜차,없음,964409,1758456,127.1059892,35.82194095
2019,2019-10-02,주,수,1,0,0,0,0,강원,원주시,차량단독,기타,기타,안전운전 의무 불이행,단일로,기타단일로,화물차,없음,1045835.6,1937160.5,128.0180924,37.43247116
2019,2019-10-02,야,수,1,0,0,0,0,충남,예산군,차대사람,기타,기타,안전운전 의무 불이행,기타,기타,승용차,보행자,925928,1856832,126.6706903,36.70661109
2019,2019-10-02,야,수,1,0,0,0,0,전북,완주군,차대사람,차도통행중,차도통행중,보행자 보호의무 위반,교차로,교차로부근,화물차,보행자,964364,1769457,127.1049991,35.92112349
2019,2019-10-02,야,수,1,0,0,0,0,충북,청주시,차대사람,차도통행중,차도통행중,안전운전 의무 불이행,단일로,기타단일로,승용차,보행자,999398,1851962,127.4932635,36.66559694
2019,2019-10-02,야,수,1,1,0,1,0,강원,횡성군,차대차,추돌,추돌,과속,단일로,기타단일로,승용차,승용차,1041814,1945451,127.9731074,37.50738728
2019,2019-10-03,야,목,1,0,0,0,0,서울,강남구,차대사람,기타,기타,안전운전 의무 불이행,단일로,기타단일로,승용차,보행자,959880,1944149,127.04613,37.49572707
2019,2019-10-03,야,목,1,0,0,0,0,인천,남동구,차대사람,횡단중,횡단중,과속,단일로,기타단일로,승용차,보행자,929869,1938973,126.7071375,37.44728448
2019,2019-10-03,야,목,1,0,0,0,0,인천,남동구,차대사람,횡단중,횡단중,과속,교차로,교차로부근,승용차,보행자,931891.6,1939088.2,126.7299914,37.44847395
2019,2019-10-03,주,목,1,0,0,0,0,광주,광산구,차대차,측면충돌,측면충돌,교차로 통행방법 위반,교차로,교차로내,이륜차,화물차,935892,1682916,126.7962696,35.13942019
2019,2019-10-03,주,목,2,0,0,0,0,충남,부여군,차량단독,도로이탈,도로이탈 추락,안전운전 의무 불이행,단일로,기타단일로,화물차,없음,940597,1811769,126.8383788,36.30141802
2019,2019-10-03,주,목,1,0,0,0,0,경남,김해시,차대차,측면충돌,측면충돌,신호위반,교차로,교차로내,승용차,이륜차,1124150,1694964,128.8645163,35.24240928