발생년,발생년월일시,주야,요일,사망자수,부상자수,중상자수,경상자수,부상신고자수,발생지시도,발생지시군구,사고유형_대분류,사고유형_중분류,사고유형,가해자법규위반,도로형태_대분류,도로형태,가해자_당사자종별,피해자_당사자종별,발생위치X_UTMK,발생위치Y_UTMK,경도,위도
2019,2019-10-31,야,목,1,0,0,0,0,대전,유성구,차대차,측면충돌,측면충돌,신호위반,교차로,교차로내,화물차,이륜차,983336,1814969,127.3143255,36.33195396
2019,2019-10-31,야,목,1,0,0,0,0,경기,과천시,차대사람,횡단중,횡단중,안전운전 의무 불이행,단일로,기타단일로,승용차,보행자,954884.6,1935528.6,126.9901477,37.41779755
2019,2019-10-31,야,목,1,0,0,0,0,경기,안양시,차대사람,기타,기타,안전운전 의무 불이행,단일로,기타단일로,승용차,보행자,947174,1936579,126.9029385,37.42685721
2019,2019-10-31,야,목,1,0,0,0,0,경남,고성군,차대차,추돌,추돌,안전운전 의무 불이행,단일로,기타단일로,승용차,농기계,1078523,1673679,128.3610771,35.0551147
2019,2019-11-01,야,금,1,0,0,0,0,대구,북구,차대차,측면충돌,측면충돌,신호위반,교차로,교차로내,승용차,이륜차,1095711,1772494,128.5611871,35.94446376
2019,2019-11-01,야,금,1,0,0,0,0,전남,여수시,차대사람,기타,기타,안전운전 의무 불이행,기타,기타,승용차,보행자,1018646,1642432,127.7037827,34.77622843
2019,2019-11-01,주,금,1,0,0,0,0,경남,김해시,차대차,추돌,추돌,안전운전 의무 불이행,단일로,기타단일로,화물차,화물차,1134821,1700461,128.9826689,35.29058039
2019,2019-11-01,주,금,1,0,0,0,0,서울,성북구,차량단독,공작물충돌,공작물충돌,안전운전 의무 불이행,교차로,교차로부근,건설기계,없음,956335,1957582,127.0052275,37.6166411
2019,2019-11-01,주,금,1,0,0,0,0,경기,안성시,차대사람,기타,기타,안전운전 의무 불이행,단일로,기타단일로,화물차,보행자,975001,1890181,127.2190011,37.0097964
2019,2019-11-01,주,금,1,1,1,0,0,대구,달성군,차대차,추돌,추돌,안전운전 의무 불이행,단일로,기타단일로,화물차,승용차,1083363,1752833,128.4222416,35.7683524
2019,2019-11-01,야,금,1,0,0,0,0,경남,남해군,차량단독,공작물충돌,공작물충돌,안전운전 의무 불이행,단일로,기타단일로,승용차,없음,1042082,1643272,127.9599521,34.78310496
2019,2019-11-01,야,금,1,0,0,0,0,대전,서구,차대사람,기타,기타,보행자 보호의무 위반,교차로,교차로횡단보도내,승용차,보행자,989374,1814146,127.3816135,36.32461984
2019,2019-11-01,야,금,1,0,0,0,0,충북,충주시,차대사람,차도통행중,차도통행중,안전운전 의무 불이행,교차로,교차로내,승용차,보행자,1023998,1884754,127.7695747,36.96090162
2019,2019-11-01,야,금,1,1,1,0,0,서울,강남구,차대차,추돌,추돌,안전운전 의무 불이행,단일로,기타단일로,이륜차,승용차,962801,1944513,127.0791554,37.49913029
2019,2019-11-02,야,토,1,0,0,0,0,경남,창원시(통합),차대사람,기타,기타,안전운전 의무 불이행,교차로,교차로내,승용차,보행자,1102309,1696468,128.6246976,35.25843663
2019,2019-11-02,야,토,1,0,0,0,0,강원,원주시,차대사람,횡단중,횡단중,안전운전 의무 불이행,단일로,기타단일로,화물차,보행자,1039543,1931396,127.946659,37.38080298
2019,2019-11-02,주,토,1,0,0,0,0,인천,부평구,차대차,기타,기타,안전운전 의무 불이행,기타,기타,승용차,자전거,932322,1945167,126.7342981,37.50329315
2019,2019-11-02,주,토,1,0,0,0,0,경기,시흥시,차량단독,전도,전도,안전운전 의무 불이행,교차로,교차로부근,농기계,없음,944422,1931655,126.8722063,37.38231469
2019,2019-11-02,주,토,1,0,0,0,0,서울,서대문구,차대사람,횡단중,횡단중,안전운전 의무 불이행,단일로,기타단일로,승용차,보행자,951135,1954901,126.9464872,37.59221527
2019,2019-11-02,주,토,1,1,0,1,0,경기,가평군,차량단독,공작물충돌,공작물충돌,안전운전 의무 불이행,단일로,기타단일로,승용차,없음,997832,1978732,127.4753707,37.80830793
2019,2019-11-02,주,토,1,0,0,0,0,전북,군산시,차대사람,횡단중,횡단중,중앙선 침범,단일로,지하차도(도로)내,건설기계,보행자,926878,1769066,126.6895559,35.91551277
2019,2019-11-02,주,토,1,0,0,0,0,전남,화순군,차대사람,횡단중,횡단중,과속,교차로,교차로내,승용차,보행자,957542,1670439,127.0345581,35.02806193
2019,2019-11-02,주,토,1,0,0,0,0,경북,군위군,차대사람,길가장자리구역통행중,길가장자리구역통행중,안전운전 의무 불이행,단일로,기타단일로,승합차,보행자,1088870,1804890,128.4890008,36.23714294
2019,2019-11-02,주,토,1,1,0,1,0,울산,울주군,차대차,정면충돌,정면충돌,중앙선 침범,단일로,기타단일로,승용차,승용차,1163496,1717852,129.3013702,35.44304005
2019,2019-11-02,야,토,1,0,0,0,0,경남,창녕군,차대사람,차도통행중,차도통행중,안전운전 의무 불이행,단일로,기타단일로,승용차,보행자,1080151,1724845,128.3839278,35.51629654
2019,2019-11-02,야,토,1,5,4,0,1,경남,고성군,차대차,기타,기타,안전운전 의무 불이행,교차로,교차로부근,승용차,승용차,1070480,1665260,128.2721717,34.97979797
2019,2019-11-02,야,토,1,0,0,0,0,경기,하남시,차대사람,횡단중,횡단중,안전운전 의무 불이행,단일로,기타단일로,승합차,보행자,973560,1949055,127.2007103,37.54044058
2019,2019-11-02,야,토,1,0,0,0,0,충남,부여군,차대사람,횡단중,횡단중,안전운전 의무 불이행,단일로,교량위,승합차,보행자,930747,1799658,126.7297516,36.19158292
2019,2019-11-02,야,토,1,2,0,1,1,경북,칠곡군,차대사람,차도통행중,차도통행중,안전운전 의무 불이행,단일로,기타단일로,승용차,보행자,1082032,1769020,128.4091824,35.91439096
2019,2019-11-03,야,일,1,11,7,4,0,전북,고창군,차량단독,전복,전복,안전운전 의무 불이행,교차로,교차로부근,승합차,없음,916767.4,1701507.3,126.5844742,35.30563771
2019,2019-11-03,주,일,2,0,0,0,0,세종,세종시,차량단독,공작물충돌,공작물충돌,안전운전 의무 불이행,단일로,기타단일로,이륜차,없음,980802,1828046,127.2857679,36.44979973
2019,2019-11-03,주,일,1,0,0,0,0,전남,강진군,차대차,추돌,추돌,안전운전 의무 불이행,단일로,기타단일로,승용차,농기계,931358,1627370,126.7510611,34.63827214
2019,2019-11-03,주,일,1,6,6,0,0,전남,담양군,차대차,정면충돌,정면충돌,중앙선 침범,단일로,기타단일로,승용차,승용차,947696,1707151,126.924296,35.35862102
2019,2019-11-03,주,일,2,0,0,0,0,경남,함안군,차량단독,공작물충돌,공작물충돌,안전운전 의무 불이행,단일로,기타단일로,이륜차,없음,1077102,1701203,128.3480699,35.30338582
2019,2019-11-03,야,일,1,0,0,0,0,전북,전주시,차대사람,횡단중,횡단중,보행자 보호의무 위반,단일로,기타단일로,승용차,보행자,967015,1754653,127.1349954,35.787744
2019,2019-11-03,야,일,1,1,0,1,0,대전,서구,차대사람,횡단중,횡단중,안전운전 의무 불이행,교차로,교차로부근,승용차,보행자,988621,1814867,127.3732136,36.33111136
2019,2019-11-03,야,일,1,0,0,0,0,경남,통영시,차대사람,횡단중,횡단중,안전운전 의무 불이행,단일로,기타단일로,승용차,보행자,1084160,1652537,128.4207503,34.86403692
2019,2019-11-04,야,월,1,0,0,0,0,광주,광산구,차대사람,횡단중,횡단중,과속,단일로,기타단일로,승용차,보행자,935036.2,1688597.7,126.7864285,35.19059429
2019,2019-11-04,주,월,1,0,0,0,0,충남,서산시,차대사람,차도통행중,차도통행중,안전운전 의무 불이행,단일로,기타단일로,화물차,보행자,900472,1852661,126.3862699,36.66669074
2019,2019-11-04,주,월,1,0,0,0,0,충남,태안군,차대사람,길가장자리구역통행중,길가장자리구역통행중,안전운전 의무 불이행,단일로,기타단일로,화물차,보행자,894420,1843526,126.319816,36.58370376
2019,2019-11-04,주,월,1,0,0,0,0,경북,의성군,차대차,추돌,추돌,안전운전 의무 불이행,단일로,기타단일로,화물차,농기계,1105934,1807478,128.6792167,36.25874999
2019,2019-11-04,주,월,1,0,0,0,0,충남,서천군,차량단독,기타,기타,안전운전 의무 불이행,단일로,기타단일로,화물차,없음,929988,1781285,126.7229437,36.02589668
2019,2019-11-04,주,월,1,0,0,0,0,충남,아산시,차량단독,전도,전도,안전운전 의무 불이행,교차로,교차로부근,이륜차,없음,944870,1863161,126.8822948,36.76495106
2019,2019-11-04,주,월,1,1,1,0,0,충남,당진시,차대차,추돌,추돌,안전운전 의무 불이행,단일로,기타단일로,화물차,화물차,929775,1887085,126.7109605,36.97959824
2019,2019-11-04,주,월,1,1,0,1,0,대구,달성군,차대차,추돌,추돌,안전운전 의무 불이행,교차로,교차로부근,화물차,화물차,1089777,1757844,128.4937525,35.81296108
2019,2019-11-04,주,월,1,0,0,0,0,경기,시흥시,차대차,측면충돌,측면충돌,기타,교차로,교차로내,자전거,승용차,932630,1928187,126.7393325,37.35027527
2019,2019-11-04,주,월,1,0,0,0,0,대구,남구,차대사람,차도통행중,차도통행중,기타,교차로,교차로내,승용차,보행자,1096629.6,1761593.6,128.5700471,35.84611139
2019,2019-11-04,주,월,1,0,0,0,0,경기,용인시,차대사람,횡단중,횡단중,과속,단일로,기타단일로,화물차,보행자,966432,1921283,127.1212882,37.28988286
2019,2019-11-04,주,월,1,0,0,0,0,대구,중구,차대차,측면충돌,측면충돌,신호위반,교차로,교차로내,자전거,승용차,1097453.9,1764308.7,128.5795055,35.87050517
2019,2019-11-04,주,월,1,0,0,0,0,경기,양주시,차대사람,기타,기타,안전운전 의무 불이행,단일로,기타단일로,승용차,보행자,960013,1975717,127.0459061,37.78026068
2019,2019-11-04,야,월,1,0,0,0,0,충남,천안시,차대사람,기타,기타,과속,단일로,기타단일로,승용차,보행자,964894,1867494,127.1064482,36.80496435
2019,2019-11-05,야,화,1,0,0,0,0,강원,철원군,차대사람,기타,기타,안전운전 의무 불이행,단일로,기타단일로,승용차,보행자,982569,2015397,127.3010883,38.13860157
2019,2019-11-05,야,화,1,3,1,2,0,대구,동구,차대차,추돌,추돌,안전운전 의무 불이행,단일로,기타단일로,화물차,화물차,1103660,1769455,128.6489092,35.91625804
2019,2019-11-05,야,화,1,0,0,0,0,서울,강서구,차대사람,기타,기타,안전운전 의무 불이행,단일로,기타단일로,승합차,보행자,939423,1953653,126.813932,37.58027052
2019,2019-11-05,주,화,1,3,2,1,0,전북,정읍시,차대차,측면충돌,측면충돌,기타,교차로,교차로내,승용차,농기계,961392.6,1737953.8,127.0735833,35.63697697
2019,2019-11-05,주,화,1,0,0,0,0,경기,용인시,차대사람,횡단중,횡단중,안전운전 의무 불이행,교차로,교차로내,승용차,보행자,977417,1914537,127.2454235,37.22940644
2019,2019-11-05,주,화,1,0,0,0,0,전북,정읍시,차대차,추돌,추돌,안전거리 미확보,교차로,교차로부근,이륜차,승용차,939879.6,1730302.2,126.8365548,35.56691521
2019,2019-11-05,주,화,1,0,0,0,0,인천,서구,차대차,추돌,추돌,안전운전 의무 불이행,단일로,기타단일로,화물차,화물차,924780,1945996,126.6488921,37.51018075
2019,2019-11-05,주,화,1,0,0,0,0,경북,상주시,차량단독,전도,전도,안전운전 의무 불이행,단일로,기타단일로,농기계,없음,1062501,1842060,128.1985671,36.57428376
2019,2019-11-05,주,화,1,0,0,0,0,경남,창원시(통합),차대사람,차도통행중,차도통행중,안전운전 의무 불이행,교차로,교차로부근,승합차,보행자,1096958,1693496,128.565532,35.23217496
2019,2019-11-05,주,화,1,0,0,0,0,대구,동구,차대사람,차도통행중,차도통행중,안전운전 의무 불이행,단일로,기타단일로,건설기계,보행자,1101587,1765559,128.6254399,35.88135577
2019,2019-11-05,주,화,1,0,0,0,0,부산,사상구,차대사람,기타,기타,안전운전 의무 불이행,교차로,교차로부근,건설기계,보행자,1133383,1681842,128.9638436,35.12293825
2019,2019-11-05,야,화,1,0,0,0,0,충북,청주시,차대사람,횡단중,횡단중,안전운전 의무 불이행,교차로,교차로부근,승용차,보행자,998590,1847051,127.4842309,36.62132356
2019,2019-11-05,야,화,1,0,0,0,0,전북,완주군,차대차,추돌,추돌,안전운전 의무 불이행,단일로,기타단일로,화물차,화물차,969135,1765532,127.1580337,35.8858983
2019,2019-11-06,주,수,1,0,0,0,0,강원,춘천시,차대사람,차도통행중,차도통행중,안전운전 의무 불이행,교차로,교차로부근,승용차,보행자,1020194.5,1985270.4,127.7295986,37.86701822
2019,2019-11-06,주,수,1,6,1,5,0,전북,전주시,차대차,추돌,추돌,안전운전 의무 불이행,기타,기타,화물차,승용차,959955.6,1764977.2,127.0563616,35.88056371
2019,2019-11-06,주,수,1,0,0,0,0,경남,진주시,차대사람,차도통행중,차도통행중,안전운전 의무 불이행,교차로,교차로내,화물차,보행자,1058196,1691669,128.1394544,35.21870207
2019,2019-11-06,주,수,1,1,1,0,0,세종,세종시,차대차,기타,기타,안전운전 의무 불이행,교차로,교차로내,승용차,승용차,978175,1832339,127.2563321,36.48844557
2019,2019-11-06,주,수,1,0,0,0,0,전북,익산시,차대차,정면충돌,정면충돌,신호위반,교차로,교차로내,이륜차,화물차,953001,1776906,126.9786109,35.98780057
2019,2019-11-06,주,수,2,0,0,0,0,전남,보성군,차대차,측면충돌,측면충돌,기타,교차로,교차로내,이륜차,화물차,963536,1643879,127.1014243,34.78879513
2019,2019-11-06,주,수,1,0,0,0,0,전남,보성군,차대차,측면충돌,측면충돌,안전운전 의무 불이행,교차로,교차로부근,농기계,승용차,968241,1648284,127.1526856,34.82867502
2019,2019-11-06,주,수,1,0,0,0,0,부산,사상구,차대사람,횡단중,횡단중,안전운전 의무 불이행,단일로,기타단일로,화물차,보행자,1134792.3,1683651.1,128.9796007,35.13905814
2019,2019-11-06,주,수,1,0,0,0,0,강원,철원군,차대사람,횡단중,횡단중,안전운전 의무 불이행,단일로,기타단일로,승용차,보행자,982661,2022189,127.3019726,38.19981682
2019,2019-11-06,야,수,1,0,0,0,0,충남,논산시,차대사람,횡단중,횡단중,안전운전 의무 불이행,단일로,기타단일로,승용차,보행자,970551,1812907,127.1719513,36.31305821
2019,2019-11-06,야,수,1,0,0,0,0,경남,창원시(통합),차대사람,횡단중,횡단중,안전운전 의무 불이행,교차로,교차로내,승용차,보행자,1105379,1695085,128.6582631,35.24565022
2019,2019-11-07,주,목,1,0,0,0,0,대구,북구,차대사람,차도통행중,차도통행중,안전운전 의무 불이행,단일로,기타단일로,승용차,보행자,1098249,1765362,128.5884414,35.87992069
2019,2019-11-07,주,목,1,1,0,1,0,제주,서귀포시,차대차,정면충돌,정면충돌,중앙선 침범,단일로,기타단일로,이륜차,화물차,885322.7,1478983.5,126.2683059,33.29617569
2019,2019-11-07,주,목,1,0,0,0,0,부산,사상구,차대차,측면충돌,측면충돌,신호위반,단일로,기타단일로,승용차,자전거,1135173,1689492,128.9847352,35.19165786
2019,2019-11-07,주,목,1,0,0,0,0,울산,남구,차량단독,전도,전도,안전운전 의무 불이행,교차로,교차로부근,이륜차,없음,1166931,1728637,129.3414162,35.53966443
2019,2019-11-07,야,목,1,0,0,0,0,전북,순창군,차량단독,도로이탈,도로이탈 추락,안전운전 의무 불이행,단일로,기타단일로,사륜오토바이(ATV),없음,961032,1709990,127.0709441,35.38482931
2019,2019-11-07,야,목,1,0,0,0,0,전남,담양군,차대사람,차도통행중,차도통행중,안전운전 의무 불이행,단일로,기타단일로,승용차,보행자,950710,1698428,126.9579945,35.28012304
2019,2019-11-07,야,목,1,0,0,0,0,경북,포항시,차대사람,차도통행중,차도통행중,안전운전 의무 불이행,교차로,교차로내,승용차,보행자,1165241,1788421,129.3351394,36.07869856
2019,2019-11-07,야,목,1,0,0,0,0,전북,김제시,차대사람,기타,기타,기타,단일로,기타단일로,승용차,보행자,954023,1764743,126.9906521,35.8781915
2019,2019-11-07,야,목,1,0,0,0,0,경북,경산시,차대사람,차도통행중,차도통행중,안전운전 의무 불이행,단일로,기타단일로,승용차,보행자,1114039,1765436,128.7633443,35.87887546
2019,2019-11-08,야,금,1,1,0,1,0,경기,이천시,차대차,추돌,추돌,안전운전 의무 불이행,단일로,기타단일로,화물차,화물차,995150,1915303,127.4453211,37.23657221
2019,2019-11-08,야,금,1,0,0,0,0,서울,구로구,차대사람,횡단중,횡단중,보행자 보호의무 위반,단일로,기타단일로,화물차,보행자,943379,1943955,126.8594813,37.49311389
2019,2019-11-08,야,금,1,0,0,0,0,경남,창원시(통합),차대차,정면충돌,정면충돌,안전운전 의무 불이행,교차로,교차로부근,화물차,자전거,1109288,1684221,128.6997791,35.14729068
2019,2019-11-08,주,금,1,0,0,0,0,전남,목포시,차대차,측면충돌,측면충돌,신호위반,교차로,교차로내,승용차,이륜차,898420,1645468,126.3895517,34.79871062
2019,2019-11-08,주,금,1,0,0,0,0,경북,포항시,차대차,측면충돌,측면충돌,교차로 통행방법 위반,교차로,교차로내,이륜차,화물차,1167824,1777475,129.3614895,35.9796202
2019,2019-11-08,주,금,1,0,0,0,0,전남,나주시,차량단독,전도,전도,안전운전 의무 불이행,단일로,기타단일로,사륜오토바이(ATV),없음,933590.1,1661764.7,126.7726951,34.94855704
2019,2019-11-08,주,금,1,0,0,0,0,경북,고령군,차대차,측면충돌,측면충돌,교차로 통행방법 위반,교차로,교차로내,이륜차,승합차,1079951,1738352,128.383058,35.63808513
2019,2019-11-08,주,금,1,0,0,0,0,전북,전주시,차대사람,차도통행중,차도통행중,안전운전 의무 불이행,교차로,교차로내,승용차,보행자,967894,1758388,127.144572,35.82144814
2019,2019-11-08,주,금,1,0,0,0,0,경남,양산시,차량단독,공작물충돌,공작물충돌,안전운전 의무 불이행,단일로,기타단일로,이륜차,없음,1152348,1715268,129.1781089,35.42152063
2019,2019-11-08,야,금,1,3,1,2,0,경기,안산시,차대차,측면충돌,측면충돌,신호위반,교차로,교차로부근,이륜차,승용차,938417,1925391,126.8049006,37.32547632
2019,2019-11-08,야,금,1,0,0,0,0,경기,이천시,차량단독,전도,전도,안전운전 의무 불이행,교차로,교차로내,승용차,없음,999362,1917540,127.4928053,37.25674905
2019,2019-11-08,야,금,1,0,0,0,0,경기,용인시,차량단독,공작물충돌,공작물충돌,안전운전 의무 불이행,단일로,기타단일로,원동기장치자전거,없음,977006,1923621,127.2405096,37.31127888
2019,2019-11-09,야,토,1,0,0,0,0,부산,해운대구,차량단독,공작물충돌,공작물충돌,안전운전 의무 불이행,단일로,기타단일로,원동기장치자전거,없음,1152818,1688144,129.1782276,35.17697714
2019,2019-11-09,야,토,1,0,0,0,0,전북,군산시,차대사람,횡단중,횡단중,안전운전 의무 불이행,단일로,고가도로위,승용차,보행자,930319,1776342,126.7270522,35.98135871
2019,2019-11-09,주,토,1,0,0,0,0,강원,홍천군,차량단독,도로이탈,도로이탈 추락,안전운전 의무 불이행,단일로,기타단일로,화물차,없음,1033928.4,1962020.9,127.8846549,37.65706103
2019,2019-11-09,주,토,1,0,0,0,0,서울,관악구,차대사람,횡단중,횡단중,안전운전 의무 불이행,교차로,교차로부근,건설기계,보행자,949331,1943801,126.92682,37.49207172
2019,2019-11-09,주,토,1,3,1,2,0,충남,보령시,차대사람,기타,기타,과속,기타,기타,승용차,보행자,915401.6,1819994.9,126.5568921,36.37368594
2019,2019-11-09,주,토,1,0,0,0,0,충남,청양군,차량단독,전도,전도,안전운전 의무 불이행,기타,기타,농기계,없음,955727,1828052,127.0059603,36.44902371
2019,2019-11-09,주,토,1,0,0,0,0,경기,양주시,차대차,정면충돌,정면충돌,신호위반,교차로,교차로내,승용차,이륜차,962972,1977524,127.0794155,37.79667184
2019,2019-11-09,야,토,1,0,0,0,0,전남,화순군,차대사람,차도통행중,차도통행중,안전운전 의무 불이행,단일로,교량위,승용차,보행자,951077,1672427,126.9635716,35.0456952
2019,2019-11-09,야,토,1,0,0,0,0,경남,창원시(통합),차대사람,횡단중,횡단중,과속,단일로,기타단일로,승용차,보행자,1095978,1687343,128.5540467,35.17679626
2019,2019-11-09,야,토,1,0,0,0,0,경남,함안군,차량단독,공작물충돌,공작물충돌,안전운전 의무 불이행,교차로,교차로부근,화물차,없음,1074990,1694654,128.324243,35.24450007
2019,2019-11-10,야,일,1,2,2,0,0,경북,의성군,차대차,정면충돌,정면충돌,중앙선 침범,단일로,기타단일로,승용차,농기계,1085042,1820910,128.4481527,36.38189564
2019,2019-11-10,주,일,1,0,0,0,0,경남,창원시(통합),차대사람,횡단중,횡단중,과속,교차로,교차로횡단보도내,승용차,보행자,1109946,1684286,128.70701,35.14780494
2019,2019-11-10,주,일,1,0,0,0,0,부산,부산진구,차대사람,횡단중,횡단중,안전운전 의무 불이행,교차로,교차로횡단보도내,화물차,보행자,1142581.4,1685812,129.0654463,35.1574622
2019,2019-11-10,주,일,1,0,0,0,0,광주,북구,차대차,기타,기타,안전운전 의무 불이행,단일로,기타단일로,자전거,승용차,947762,1686730,126.9263219,35.1744967
2019,2019-11-10,주,일,1,0,0,0,0,경기,포천시,차량단독,공작물충돌,공작물충돌,안전운전 의무 불이행,단일로,기타단일로,이륜차,없음,971768,1978672,127.1792789,37.80733313
2019,2019-11-10,주,일,1,0,0,0,0,충남,아산시,차량단독,공작물충돌,공작물충돌,안전운전 의무 불이행,단일로,기타단일로,승용차,없음,950565,1874666,126.9453539,36.86897457
2019,2019-11-10,주,일,1,0,0,0,0,경기,포천시,차대차,측면충돌,측면충돌,안전운전 의무 불이행,단일로,기타단일로,이륜차,자전거,975432,1992563,127.2204295,37.93263857
2019,2019-11-10,야,일,1,1,0,1,0,전남,순천시,차대사람,차도통행중,차도통행중,안전운전 의무 불이행,단일로,기타단일로,이륜차,보행자,999152,1663679,127.4907106,34.96799625
2019,2019-11-10,야,일,1,0,0,0,0,제주,제주시,차대사람,횡단중,횡단중,안전운전 의무 불이행,교차로,교차로부근,승용차,보행자,899194,1496818,126.4152711,33.45839817
2019,2019-11-10,야,일,1,0,0,0,0,제주,제주시,차량단독,도로이탈,도로이탈 추락,안전운전 의무 불이행,단일로,기타단일로,화물차,없음,905952.4,1492212.1,126.4884672,33.41747557
2019,2019-11-11,야,월,1,0,0,0,0,울산,남구,차대사람,기타,기타,안전운전 의무 불이행,단일로,기타단일로,승용차,보행자,1165631,1728650,129.3270851,35.53999967
2019,2019-11-11,야,월,1,0,0,0,0,경기,남양주시,차량단독,전도,전도,안전운전 의무 불이행,단일로,기타단일로,이륜차,없음,981724,1959384,127.2928648,37.63373881
2019,2019-11-11,주,월,1,0,0,0,0,충남,청양군,차대사람,횡단중,횡단중,안전운전 의무 불이행,교차로,교차로내,승용차,보행자,938275.4,1828495.4,126.8111946,36.45205601
2019,2019-11-11,주,월,1,0,0,0,0,전남,보성군,차량단독,도로이탈,도로이탈 기타,안전운전 의무 불이행,단일로,기타단일로,이륜차,없음,985458,1650429,127.3409314,34.84840968
2019,2019-11-11,주,월,1,0,0,0,0,인천,서구,차대차,추돌,추돌,과속,단일로,교량위,승용차,농기계,927264,1952341,126.6763668,37.56756533
2019,2019-11-11,주,월,1,0,0,0,0,강원,속초시,차대사람,횡단중,횡단중,안전운전 의무 불이행,교차로,교차로내,승합차,보행자,1095420,2024389,128.5899919,38.21475086
2019,2019-11-11,주,월,1,1,1,0,0,대전,서구,차대차,정면충돌,정면충돌,중앙선 침범,기타,기타,승용차,승용차,988187,1812678,127.3684111,36.31137135
2019,2019-11-11,주,월,1,0,0,0,0,경북,고령군,차대차,추돌,추돌,안전운전 의무 불이행,단일로,기타단일로,승용차,농기계,1069841,1747441,128.272192,35.7207948
2019,2019-11-11,야,월,1,0,0,0,0,전남,진도군,차대사람,횡단중,횡단중,안전운전 의무 불이행,교차로,교차로횡단보도내,승용차,보행자,879971,1602386,126.1940105,34.40829048
2019,2019-11-11,야,월,1,0,0,0,0,인천,계양구,차량단독,기타,기타,안전운전 의무 불이행,기타,기타,이륜차,없음,933551,1948199,126.7479276,37.53070945
2019,2019-11-11,야,월,1,0,0,0,0,전남,담양군,차대사람,기타,기타,안전운전 의무 불이행,단일로,기타단일로,승용차,보행자,955841,1699966,127.0143316,35.29423033
2019,2019-11-11,야,월,1,0,0,0,0,경북,구미시,차대사람,보도통행중,보도통행중,보행자 보호의무 위반,교차로,교차로횡단보도내,승합차,보행자,1083289,1790816,128.4254064,36.11077013
2019,2019-11-11,야,월,1,0,0,0,0,충남,예산군,차대차,추돌,추돌,안전운전 의무 불이행,단일로,기타단일로,화물차,승용차,935775,1854481,126.7811261,36.68613568
2019,2019-11-12,주,화,1,0,0,0,0,경기,광주시,차대사람,횡단중,횡단중,안전운전 의무 불이행,교차로,교차로내,화물차,보행자,978547,1936454,127.2575278,37.42698965
2019,2019-11-12,주,화,1,0,0,0,0,경북,경주시,차대차,측면충돌,측면충돌,안전운전 의무 불이행,단일로,기타단일로,승용차,자전거,1157714,1777401,129.249384,35.98064054
2019,2019-11-12,주,화,1,0,0,0,0,경북,영주시,차대사람,기타,기타,안전운전 의무 불이행,단일로,기타단일로,승합차,보행자,1101238,1870762,128.6352629,36.82965535
2019,2019-11-12,주,화,1,0,0,0,0,충남,부여군,차대사람,기타,기타,안전운전 의무 불이행,단일로,기타단일로,화물차,보행자,933010,1802734,126.7546564,36.21947197
2019,2019-11-12,야,화,1,0,0,0,0,전북,완주군,차대차,정면충돌,정면충돌,중앙선 침범,단일로,기타단일로,자전거,승용차,960269,1767906,127.0596874,35.90698207
2019,2019-11-12,야,화,1,3,1,0,2,강원,원주시,차대차,정면충돌,정면충돌,신호위반,교차로,교차로횡단보도내,이륜차,승합차,1037955,1927775,127.9285365,37.34823104
2019,2019-11-13,야,수,1,1,0,1,0,대전,서구,차대차,기타,기타,신호위반,교차로,교차로부근,승용차,승용차,989174,1818017,127.3793314,36.35951626
2019,2019-11-13,주,수,1,0,0,0,0,제주,제주시,차대사람,기타,기타,신호위반,교차로,교차로부근,승용차,보행자,925130.4,1497216.2,126.6942998,33.46411716
2019,2019-11-13,주,수,1,0,0,0,0,전남,장흥군,차대사람,횡단중,횡단중,안전운전 의무 불이행,교차로,교차로내,화물차,보행자,944898,1631950,126.8984869,34.68038977
2019,2019-11-13,야,수,1,0,0,0,0,충남,천안시,차대차,추돌,추돌,안전운전 의무 불이행,단일로,기타단일로,승용차,원동기장치자전거,987195,1864727,127.3564962,36.78058515
2019,2019-11-13,야,수,1,0,0,0,0,경기,양주시,차량단독,공작물충돌,공작물충돌,안전운전 의무 불이행,단일로,기타단일로,승용차,없음,950622,1968657,126.9397458,37.7161707
2019,2019-11-13,야,수,1,0,0,0,0,경남,거제시,차대사람,횡단중,횡단중,과속,교차로,교차로내,화물차,보행자,1100819,1655441,128.6033301,34.88870279
2019,2019-11-13,야,수,1,1,0,0,1,부산,북구,차량단독,전복,전복,안전운전 의무 불이행,단일로,기타단일로,이륜차,없음,1135615,1690308,128.989723,35.19895375
2019,2019-11-14,야,목,1,0,0,0,0,경기,양평군,차대차,추돌,추돌,안전운전 의무 불이행,단일로,고가도로위,화물차,화물차,1015785,1948573,127.6786699,37.53634013
2019,2019-11-14,야,목,1,0,0,0,0,경기,화성시,차대사람,기타,기타,과속,기타,기타,화물차,보행자,949694,1916452,126.9327851,37.24558347
2019,2019-11-14,야,목,1,1,0,1,0,경기,안양시,차대차,정면충돌,정면충돌,신호위반,교차로,교차로내,이륜차,승용차,950811,1932701,126.9443018,37.3921038
2019,2019-11-14,주,목,1,0,0,0,0,충북,청주시,차대사람,기타,기타,안전운전 의무 불이행,단일로,기타단일로,승용차,보행자,1002888,1858146,127.5323405,36.72134085
2019,2019-11-14,주,목,1,0,0,0,0,충남,공주시,차대차,측면충돌,측면충돌,안전운전 의무 불이행,단일로,기타단일로,사륜오토바이(ATV),특수차,965450,1831029,127.1143233,36.47626122