발생년,발생년월일시,주야,요일,사망자수,부상자수,중상자수,경상자수,부상신고자수,발생지시도,발생지시군구,사고유형_대분류,사고유형_중분류,사고유형,가해자법규위반,도로형태_대분류,도로형태,가해자_당사자종별,피해자_당사자종별,발생위치X_UTMK,발생위치Y_UTMK,경도,위도
2019,2019-11-14,주,목,1,0,0,0,0,광주,서구,차대사람,기타,기타,중앙선 침범,단일로,기타단일로,승용차,보행자,944526.8,1684567.1,126.89094,35.15482104
2019,2019-11-14,주,목,1,0,0,0,0,전남,장흥군,차대사람,기타,기타,안전운전 의무 불이행,단일로,교량위,승용차,보행자,942449.9,1628355.9,126.8720085,34.64784554
2019,2019-11-14,야,목,1,0,0,0,0,경북,경주시,차대사람,횡단중,횡단중,안전운전 의무 불이행,교차로,교차로횡단보도내,화물차,보행자,1146043,1761252,129.1170113,35.83691564
2019,2019-11-14,야,목,1,1,1,0,0,충남,서천군,차대사람,차도통행중,차도통행중,안전운전 의무 불이행,단일로,기타단일로,승용차,보행자,936869,1787098,126.7988452,36.0787725
2019,2019-11-14,야,목,1,0,0,0,0,대구,달성군,차대사람,기타,기타,안전운전 의무 불이행,단일로,기타단일로,화물차,보행자,1082684.6,1749871.9,128.4144319,35.74171492
2019,2019-11-14,야,목,1,0,0,0,0,경기,고양시,차대사람,횡단중,횡단중,과속,교차로,교차로횡단보도내,승용차,보행자,933746,1963200,126.7487763,37.66592361
2019,2019-11-15,야,금,1,1,1,0,0,서울,서초구,차대사람,기타,기타,안전운전 의무 불이행,단일로,지하차도(도로)내,화물차,보행자,954521,1945254,126.9854384,37.5054383
2019,2019-11-15,주,금,1,0,0,0,0,강원,홍천군,차대사람,횡단중,횡단중,신호위반,단일로,기타단일로,승용차,보행자,1028144.9,1961536.8,127.8190683,37.65289328
2019,2019-11-15,주,금,1,1,0,0,1,강원,홍천군,차량단독,도로이탈,도로이탈 추락,안전운전 의무 불이행,단일로,기타단일로,화물차,없음,1037697,1960086,127.9272795,37.63947436
2019,2019-11-15,주,금,1,0,0,0,0,경북,경산시,차대사람,횡단중,횡단중,안전운전 의무 불이행,교차로,교차로부근,승용차,보행자,1119006,1769850,128.8190168,35.91807068
2019,2019-11-15,주,금,1,0,0,0,0,경기,수원시,차대차,기타,기타,중앙선 침범,단일로,기타단일로,승용차,이륜차,957535,1914818,127.0212847,37.23124548
2019,2019-11-15,주,금,1,0,0,0,0,경북,안동시,차량단독,기타,기타,안전운전 의무 불이행,기타,기타,승용차,없음,1095021,1843308,128.5621469,36.58284892
2019,2019-11-15,주,금,1,0,0,0,0,충남,아산시,차대차,기타,기타,안전운전 의무 불이행,교차로,교차로내,승용차,승용차,954882,1865176,126.9943508,36.78364463
2019,2019-11-15,주,금,1,0,0,0,0,제주,서귀포시,차대사람,횡단중,횡단중,보행자 보호의무 위반,교차로,교차로내,승용차,보행자,939482,1483901,126.8496286,33.34493215
2019,2019-11-15,주,금,1,0,0,0,0,전남,장성군,차대사람,횡단중,횡단중,안전운전 의무 불이행,단일로,기타단일로,승용차,보행자,923986,1696318,126.6643489,35.25942569
2019,2019-11-15,주,금,1,0,0,0,0,경남,창원시(통합),차대차,추돌,추돌,안전운전 의무 불이행,교차로,교차로부근,화물차,특수차,1120150,1677242,128.8179832,35.08313661
2019,2019-11-15,야,금,1,0,0,0,0,경기,고양시,차대사람,횡단중,횡단중,안전운전 의무 불이행,단일로,기타단일로,승용차,보행자,947057,1961004,126.8998544,37.64699588
2019,2019-11-15,야,금,2,4,1,3,0,전북,김제시,차대차,기타,기타,안전운전 의무 불이행,단일로,기타단일로,화물차,화물차,940623.7,1763894.2,126.8422814,35.869818
2019,2019-11-15,야,금,1,1,0,1,0,경기,이천시,차대차,기타,기타,중앙선 침범,단일로,기타단일로,이륜차,승용차,996275,1920837,127.4579766,37.28646102
2019,2019-11-15,야,금,1,0,0,0,0,서울,송파구,차대차,기타,기타,안전운전 의무 불이행,단일로,기타단일로,승용차,승용차,966009,1947547,127.1153075,37.52660079
2019,2019-11-15,야,금,1,0,0,0,0,강원,원주시,차대사람,보도통행중,보도통행중,안전운전 의무 불이행,교차로,교차로횡단보도내,화물차,보행자,1039608,1931826,127.9474162,37.38467604
2019,2019-11-16,야,토,1,0,0,0,0,서울,송파구,차대차,기타,기타,신호위반,교차로,교차로내,이륜차,승용차,963997,1945891,127.0926184,37.51159822
2019,2019-11-16,야,토,1,0,0,0,0,전북,김제시,차대사람,차도통행중,차도통행중,과속,단일로,기타단일로,승용차,보행자,947102,1762375,126.9141396,35.85649282
2019,2019-11-16,주,토,1,3,2,1,0,부산,해운대구,차대사람,보도통행중,보도통행중,신호위반,교차로,교차로부근,승용차,보행자,1152500,1688269,129.1747598,35.17815214
2019,2019-11-16,주,토,1,1,1,0,0,충북,충주시,차대차,기타,기타,안전운전 의무 불이행,교차로,교차로내,자전거,승용차,1039780,1885512,127.9468934,36.9671996
2019,2019-11-16,주,토,1,1,0,1,0,전북,장수군,차대차,정면충돌,정면충돌,중앙선 침범,단일로,기타단일로,이륜차,화물차,1008829,1751442,127.5976652,35.75930704
2019,2019-11-16,야,토,1,0,0,0,0,서울,강북구,차대차,기타,기타,신호위반,단일로,기타단일로,이륜차,승합차,958391,1959629,127.0284069,37.63518644
2019,2019-11-16,야,토,1,1,1,0,0,충남,금산군,차대차,기타,기타,신호위반,교차로,교차로내,승용차,승용차,997487,1798291,127.4720531,36.18173347
2019,2019-11-17,야,일,1,0,0,0,0,경기,이천시,차량단독,공작물충돌,공작물충돌,안전운전 의무 불이행,교차로,교차로부근,승용차,없음,991956,1922134,127.4092381,37.29812481
2019,2019-11-17,야,일,2,3,1,2,0,경기,안양시,차대차,측면충돌,측면충돌,안전운전 의무 불이행,교차로,교차로부근,이륜차,승용차,951865,1932549,126.9562184,37.39078911
2019,2019-11-17,주,일,1,0,0,0,0,경기,수원시,차대차,측면충돌,측면충돌,안전운전 의무 불이행,단일로,기타단일로,승용차,승용차,952929,1920341,126.9690131,37.28080661
2019,2019-11-17,주,일,1,0,0,0,0,강원,평창군,차대차,측면충돌,측면충돌,안전운전 의무 불이행,단일로,기타단일로,승용차,이륜차,1099399,1964409,128.6271489,37.67382681
2019,2019-11-17,주,일,1,13,4,9,0,대구,수성구,차대차,정면충돌,정면충돌,안전운전 의무 불이행,단일로,기타단일로,승용차,승용차,1102215,1764248,128.6322278,35.86947255
2019,2019-11-17,주,일,1,2,1,1,0,경북,영천시,차량단독,공작물충돌,공작물충돌,안전운전 의무 불이행,단일로,기타단일로,승용차,없음,1140998,1791753,129.066595,36.1125479
2019,2019-11-17,야,일,1,0,0,0,0,충북,충주시,차대사람,횡단중,횡단중,안전운전 의무 불이행,교차로,교차로내,승용차,보행자,1038097,1886154,127.9280192,36.97305638
2019,2019-11-17,야,일,1,0,0,0,0,경북,영주시,차대사람,횡단중,횡단중,보행자 보호의무 위반,교차로,교차로내,화물차,보행자,1100746,1870223,128.6296753,36.82484993
2019,2019-11-17,야,일,1,0,0,0,0,충남,부여군,차량단독,도로이탈,도로이탈 추락,안전운전 의무 불이행,단일로,기타단일로,승용차,없음,941323,1809397,126.8466427,36.28007911
2019,2019-11-18,야,월,1,0,0,0,0,전남,순천시,차량단독,공작물충돌,공작물충돌,안전운전 의무 불이행,단일로,기타단일로,화물차,없음,985979.1,1654599.5,127.3465616,34.88602493
2019,2019-11-18,주,월,1,1,0,1,0,충남,당진시,차대차,추돌,추돌,안전운전 의무 불이행,단일로,기타단일로,화물차,건설기계,915656,1889607,126.5520572,37.0011693
2019,2019-11-18,주,월,1,0,0,0,0,충남,천안시,차량단독,도로이탈,도로이탈 추락,안전운전 의무 불이행,단일로,기타단일로,화물차,없음,961689,1852085,127.0712929,36.66593439
2019,2019-11-18,주,월,1,0,0,0,0,경남,김해시,차대사람,횡단중,횡단중,안전운전 의무 불이행,단일로,기타단일로,승용차,보행자,1117629,1690068,128.7921617,35.19905954
2019,2019-11-18,주,월,1,0,0,0,0,대구,달성군,차대사람,횡단중,횡단중,과속,교차로,교차로내,승용차,보행자,1085460,1745347,128.4446405,35.70068515
2019,2019-11-18,주,월,1,0,0,0,0,경북,포항시,차대사람,횡단중,횡단중,보행자 보호의무 위반,단일로,기타단일로,승합차,보행자,1169390,1779359,129.3792537,35.99632641
2019,2019-11-18,주,월,1,2,1,1,0,경남,김해시,차대차,추돌,추돌,안전운전 의무 불이행,단일로,기타단일로,이륜차,승용차,1124437,1695985,128.8678245,35.25157748
2019,2019-11-18,야,월,1,0,0,0,0,충북,청주시,차대사람,횡단중,횡단중,안전운전 의무 불이행,교차로,교차로내,이륜차,보행자,994718,1847118,127.4409269,36.62191397
2019,2019-11-18,야,월,1,0,0,0,0,광주,서구,차대사람,기타,기타,과속,단일로,지하차도(도로)내,승합차,보행자,940146.7,1683392.7,126.8429372,35.14398063
2019,2019-11-18,야,월,1,0,0,0,0,경북,칠곡군,차대차,측면충돌,측면충돌,안전운전 의무 불이행,단일로,기타단일로,승용차,자전거,1083407,1775753,128.4251273,35.97497159
2019,2019-11-19,주,화,1,0,0,0,0,전남,영암군,차량단독,공작물충돌,공작물충돌,안전운전 의무 불이행,단일로,기타단일로,화물차,없음,905117,1641989,126.4631433,34.7679889
2019,2019-11-19,주,화,1,1,1,0,0,경남,고성군,차대차,정면충돌,정면충돌,중앙선 침범,단일로,기타단일로,승합차,승합차,1071622,1675434,128.2855595,35.07145219
2019,2019-11-19,주,화,1,7,4,3,0,경남,창원시(통합),차대차,추돌,추돌,안전운전 의무 불이행,단일로,기타단일로,특수차,화물차,1103665,1689385,128.6387091,35.19444168
2019,2019-11-19,야,화,1,0,0,0,0,전북,순창군,차량단독,도로이탈,도로이탈 추락,안전운전 의무 불이행,단일로,기타단일로,원동기장치자전거,없음,961639.5,1716571,127.077323,35.44419098
2019,2019-11-19,야,화,1,0,0,0,0,경기,수원시,차대사람,횡단중,횡단중,안전운전 의무 불이행,기타,기타,이륜차,보행자,958130,1916643,127.0278895,37.24772251
2019,2019-11-19,야,화,2,1,1,0,0,대전,대덕구,차대사람,기타,기타,중앙선 침범,기타,기타,화물차,보행자,993316,1818070,127.4254984,36.36003178
2019,2019-11-20,야,수,1,0,0,0,0,대구,남구,차량단독,공작물충돌,공작물충돌,안전운전 의무 불이행,교차로,교차로내,승용차,없음,1099977.9,1759711.1,128.6068833,35.82880572
2019,2019-11-20,야,수,1,0,0,0,0,전남,광양시,차대사람,횡단중,횡단중,안전운전 의무 불이행,단일로,기타단일로,승용차,보행자,1012546,1657227,127.6373372,34.90973789
2019,2019-11-20,주,수,1,0,0,0,0,전남,담양군,차대차,기타,기타,안전운전 의무 불이행,단일로,기타단일로,승용차,화물차,950704,1692208,126.9583018,35.22403911
2019,2019-11-20,주,수,1,0,0,0,0,경남,거창군,차대사람,횡단중,횡단중,안전운전 의무 불이행,교차로,교차로내,승용차,보행자,1037057,1743680,127.9095566,35.68866505
2019,2019-11-20,주,수,1,0,0,0,0,부산,영도구,차대사람,기타,기타,안전운전 의무 불이행,기타,기타,건설기계,보행자,1140752,1678490,129.0441209,35.09171976
2019,2019-11-20,주,수,1,0,0,0,0,경남,김해시,차대사람,횡단중,횡단중,안전운전 의무 불이행,교차로,교차로부근,화물차,보행자,1127872,1693882,128.9052452,35.23218766
2019,2019-11-20,주,수,1,0,0,0,0,경남,밀양시,차대사람,횡단중,횡단중,안전운전 의무 불이행,단일로,기타단일로,승용차,보행자,1104290,1725507,128.6501822,35.52002016
2019,2019-11-21,야,목,1,1,0,1,0,서울,강남구,차대차,정면충돌,정면충돌,신호위반,교차로,교차로부근,이륜차,승용차,959598.3,1944870.8,127.0429036,37.50222064
2019,2019-11-21,주,목,2,1,0,1,0,경기,광주시,차대차,측면충돌,측면충돌,안전운전 의무 불이행,단일로,기타단일로,승용차,화물차,977261,1941786,127.2428285,37.47501973
2019,2019-11-21,주,목,1,0,0,0,0,충북,괴산군,차대사람,기타,기타,안전운전 의무 불이행,단일로,기타단일로,승용차,보행자,1020711,1856838,127.7318906,36.70932796
2019,2019-11-21,주,목,1,0,0,0,0,서울,영등포구,차대사람,기타,기타,신호위반,단일로,기타단일로,승용차,보행자,946823,1947955,126.8981497,37.5293713
2019,2019-11-21,주,목,1,0,0,0,0,경기,의정부시,차대사람,횡단중,횡단중,안전운전 의무 불이행,교차로,교차로부근,승용차,보행자,959321,1970087,127.0383634,37.72948704
2019,2019-11-21,야,목,1,0,0,0,0,경남,진주시,차대차,정면충돌,정면충돌,중앙선 침범,단일로,기타단일로,화물차,이륜차,1042722,1689647,127.969328,35.20124872
2019,2019-11-21,야,목,1,0,0,0,0,충북,음성군,차대사람,횡단중,횡단중,과속,교차로,교차로내,승용차,보행자,1015280,1881574,127.6715798,36.93241755
2019,2019-11-21,야,목,1,0,0,0,0,충남,아산시,차대차,기타,기타,중앙선 침범,단일로,기타단일로,화물차,승용차,942872,1860615,126.8601,36.74188247
2019,2019-11-22,주,금,1,0,0,0,0,광주,북구,차대사람,횡단중,횡단중,과속,교차로,교차로내,승용차,보행자,948347,1686553,126.9327571,35.17293099
2019,2019-11-22,주,금,1,1,0,1,0,전북,정읍시,차대차,추돌,추돌,안전운전 의무 불이행,교차로,교차로부근,화물차,화물차,946876,1742935,126.9129261,35.68121313
2019,2019-11-22,주,금,1,0,0,0,0,부산,해운대구,차량단독,전도,전도,안전운전 의무 불이행,단일로,기타단일로,이륜차,없음,1150913.5,1693934.4,129.1583814,35.22945601
2019,2019-11-22,주,금,1,0,0,0,0,경기,성남시,차대차,측면충돌,측면충돌,안전운전 의무 불이행,교차로,교차로내,승용차,이륜차,965060,1938908,127.1049777,37.44869795
2019,2019-11-22,주,금,1,0,0,0,0,강원,횡성군,차대차,기타,기타,중앙선 침범,단일로,기타단일로,건설기계,자전거,1046703,1943791,128.0283168,37.49219073
2019,2019-11-22,주,금,1,0,0,0,0,전북,부안군,차대차,측면충돌,측면충돌,안전운전 의무 불이행,교차로,교차로내,화물차,승합차,932955,1752255,126.7583169,35.76439016
2019,2019-11-22,주,금,1,0,0,0,0,충남,예산군,차대사람,기타,기타,중앙선 침범,단일로,기타단일로,승용차,보행자,936080,1856039,126.7844096,36.70020035
2019,2019-11-22,주,금,1,0,0,0,0,경기,고양시,차대사람,기타,기타,안전운전 의무 불이행,단일로,기타단일로,건설기계,보행자,945847,1964059,126.8859121,37.67445973
2019,2019-11-22,주,금,1,0,0,0,0,경기,성남시,차대차,측면충돌,측면충돌,안전운전 의무 불이행,단일로,기타단일로,건설기계,자전거,966994,1936828,127.1269356,37.43002079
2019,2019-11-22,야,금,1,0,0,0,0,강원,평창군,차대사람,횡단중,횡단중,안전운전 의무 불이행,단일로,기타단일로,화물차,보행자,1084088,1943084,128.4511037,37.48317099
2019,2019-11-23,주,토,1,0,0,0,0,경기,양평군,차대차,측면충돌,측면충돌,안전운전 의무 불이행,단일로,기타단일로,승용차,이륜차,997027,1944986,127.4663631,37.50413859
2019,2019-11-23,주,토,1,0,0,0,0,경기,평택시,차대차,추돌,추돌,안전운전 의무 불이행,단일로,기타단일로,화물차,화물차,953914,1894796,126.9816988,37.05059825
2019,2019-11-23,주,토,1,2,1,1,0,전북,완주군,차대차,정면충돌,정면충돌,중앙선 침범,단일로,기타단일로,승용차,화물차,973882,1765850,127.2106167,35.88890361
2019,2019-11-23,주,토,1,0,0,0,0,대전,서구,차대차,측면충돌,측면충돌,신호위반,단일로,기타단일로,승용차,이륜차,986403,1814554,127.3485059,36.32826077
2019,2019-11-24,야,일,1,2,2,0,0,제주,제주시,차대차,정면충돌,정면충돌,중앙선 침범,단일로,기타단일로,승용차,승용차,908048,1497118,126.5105014,33.46190062
2019,2019-11-24,야,일,1,0,0,0,0,경기,화성시,차대사람,횡단중,횡단중,안전운전 의무 불이행,단일로,기타단일로,승용차,보행자,955792,1912741,127.0017594,37.21244287
2019,2019-11-24,주,일,1,1,1,0,0,대전,동구,차대차,측면충돌,측면충돌,신호위반,교차로,교차로내,승용차,승합차,995013,1813819,127.4444408,36.3217175
2019,2019-11-24,주,일,1,1,1,0,0,충북,괴산군,차대차,정면충돌,정면충돌,중앙선 침범,단일로,기타단일로,승용차,승용차,1023331,1870853,127.7616541,36.83560797
2019,2019-11-24,주,일,4,0,0,0,0,충북,충주시,차량단독,도로이탈,도로이탈 추락,안전운전 의무 불이행,단일로,교량위,승용차,없음,1047668,1892843,128.0359685,37.03291491
2019,2019-11-24,야,일,1,1,1,0,0,충남,태안군,차량단독,공작물충돌,공작물충돌,안전운전 의무 불이행,교차로,교차로부근,승합차,없음,896097,1836477,126.3395086,36.52035344
2019,2019-11-24,야,일,1,0,0,0,0,경북,포항시,차대사람,횡단중,횡단중,안전운전 의무 불이행,단일로,기타단일로,승용차,보행자,1142628,1794213,129.0851451,36.13448
2019,2019-11-24,야,일,1,0,0,0,0,충남,당진시,차대차,기타,기타,안전운전 의무 불이행,단일로,기타단일로,화물차,승용차,923738,1870050,126.6448514,36.82558192
2019,2019-11-25,야,월,1,0,0,0,0,서울,송파구,차량단독,공작물충돌,공작물충돌,안전운전 의무 불이행,단일로,교량위,승용차,없음,963907,1947323,127.0915297,37.52450191
2019,2019-11-25,야,월,1,0,0,0,0,부산,중구,차대사람,횡단중,횡단중,안전운전 의무 불이행,교차로,교차로부근,승합차,보행자,1139928,1680735,129.0354636,35.11207105
2019,2019-11-25,주,월,1,0,0,0,0,광주,광산구,차대사람,횡단중,횡단중,신호위반,교차로,교차로횡단보도내,승합차,보행자,934918,1681704,126.7856739,35.12842958
2019,2019-11-25,주,월,1,1,0,1,0,경기,용인시,차대차,추돌,추돌,안전운전 의무 불이행,단일로,기타단일로,승용차,건설기계,974619,1919150,127.213725,37.27091572
2019,2019-11-25,주,월,1,2,1,1,0,강원,춘천시,차대차,측면충돌,측면충돌,안전운전 의무 불이행,교차로,교차로내,승용차,화물차,1018527,1981154,127.7105348,37.82995225
2019,2019-11-25,주,월,2,1,1,0,0,부산,기장군,차대사람,보도통행중,보도통행중,과속,단일로,기타단일로,화물차,보행자,1156191,1695698,129.2166878,35.24454307
2019,2019-11-25,주,월,1,2,1,1,0,경북,군위군,차대차,정면충돌,정면충돌,중앙선 침범,단일로,기타단일로,화물차,화물차,1105737,1799174,128.6759033,36.18392179
2019,2019-11-25,주,월,1,0,0,0,0,대구,달성군,차량단독,전도,전도,안전운전 의무 불이행,단일로,기타단일로,화물차,없음,1088449,1752423,128.4784555,35.76421169
2019,2019-11-25,주,월,1,3,1,2,0,경기,김포시,차대차,기타,기타,중앙선 침범,기타,기타,승용차,승용차,925195,1963298,126.6518196,37.66614952
2019,2019-11-25,주,월,1,0,0,0,0,전북,부안군,차대차,추돌,추돌,안전운전 의무 불이행,기타,기타,화물차,농기계,927767,1740737,126.7019656,35.66018207
2019,2019-11-25,야,월,1,1,1,0,0,경북,청송군,차대차,정면충돌,정면충돌,중앙선 침범,단일로,지하차도(도로)내,승용차,승용차,1138555,1811523,129.0429539,36.29107426
2019,2019-11-26,야,화,1,2,2,0,0,전북,남원시,차대차,측면충돌,측면충돌,중앙선 침범,단일로,기타단일로,화물차,화물차,1005115,1717310,127.5563652,35.45158109
2019,2019-11-26,야,화,1,0,0,0,0,경북,포항시,차대사람,차도통행중,차도통행중,안전운전 의무 불이행,단일로,기타단일로,승용차,보행자,1168424,1783789,129.3694847,36.03641301
2019,2019-11-26,야,화,1,0,0,0,0,충남,예산군,차대사람,횡단중,횡단중,보행자 보호의무 위반,교차로,교차로부근,승용차,보행자,940735,1855346,126.8365731,36.69425527
2019,2019-11-26,주,화,1,0,0,0,0,경기,수원시,차대사람,기타,기타,안전운전 의무 불이행,교차로,교차로내,승합차,보행자,954046,1921216,126.9815589,37.28874939
2019,2019-11-26,주,화,1,1,0,1,0,경기,연천군,차대차,추돌,추돌,안전거리 미확보,단일로,기타단일로,승용차,농기계,948448,2002347,126.912675,38.01968642
2019,2019-11-26,야,화,1,0,0,0,0,강원,영월군,차대사람,기타,기타,안전운전 의무 불이행,단일로,기타단일로,화물차,보행자,1061384,1926168,128.1929177,37.33249281
2019,2019-11-26,야,화,1,1,0,1,0,강원,태백시,차대차,정면충돌,정면충돌,중앙선 침범,단일로,기타단일로,승용차,승용차,1136165,1906823,129.0333272,37.1502252
2019,2019-11-26,야,화,1,0,0,0,0,충남,논산시,차대사람,횡단중,횡단중,안전운전 의무 불이행,기타,기타,화물차,보행자,966511,1797886,127.1275913,36.17750617
2019,2019-11-26,야,화,1,0,0,0,0,부산,사상구,차량단독,기타,기타,안전운전 의무 불이행,교차로,교차로내,승용차,없음,1133198,1681800,128.9618071,35.12258415
2019,2019-11-26,야,화,1,0,0,0,0,제주,제주시,차대사람,차도통행중,차도통행중,과속,단일로,기타단일로,승용차,보행자,911541.9,1502590.7,126.5475546,33.51155011
2019,2019-11-27,야,수,1,0,0,0,0,서울,서초구,차대차,추돌,추돌,안전운전 의무 불이행,단일로,기타단일로,이륜차,화물차,957698,1942719.2,127.0215284,37.48274234
2019,2019-11-27,주,수,1,0,0,0,0,충남,홍성군,차대사람,차도통행중,차도통행중,안전운전 의무 불이행,기타,기타,승용차,보행자,924043,1841739,126.651082,36.57041413
2019,2019-11-27,주,수,1,0,0,0,0,경기,김포시,차대사람,횡단중,횡단중,안전운전 의무 불이행,교차로,교차로부근,승합차,보행자,930030,1958995,126.7070489,37.62774987
2019,2019-11-27,주,수,1,0,0,0,0,경북,문경시,차대사람,차도통행중,차도통행중,안전운전 의무 불이행,단일로,기타단일로,승용차,보행자,1058001,1849133,128.1488079,36.63832707
2019,2019-11-27,야,수,1,0,0,0,0,부산,사상구,차대사람,횡단중,횡단중,안전운전 의무 불이행,교차로,교차로내,승합차,보행자,1135397,1688913,128.9870998,35.1864085
2019,2019-11-28,야,목,1,0,0,0,0,대전,동구,차량단독,기타,기타,안전운전 의무 불이행,단일로,기타단일로,이륜차,없음,996701,1815723,127.4632384,36.33889017
2019,2019-11-28,주,목,1,1,0,1,0,경기,고양시,차대사람,횡단중,횡단중,보행자 보호의무 위반,단일로,기타단일로,승용차,보행자,937699,1962258,126.7936748,37.65771056
2019,2019-11-28,주,목,1,0,0,0,0,경기,연천군,차대사람,차도통행중,차도통행중,안전운전 의무 불이행,단일로,기타단일로,승용차,보행자,963065,2008844,127.0788642,38.07895501
2019,2019-11-28,주,목,1,0,0,0,0,경남,의령군,차대차,측면충돌,측면충돌,신호위반,교차로,교차로내,이륜차,화물차,1069274,1702782,128.2621079,35.31819548
2019,2019-11-28,주,목,1,0,0,0,0,충남,보령시,차량단독,공작물충돌,공작물충돌,안전운전 의무 불이행,단일로,기타단일로,승용차,없음,920449,1818952,126.6132612,36.36471586
2019,2019-11-28,주,목,1,0,0,0,0,경남,김해시,차량단독,공작물충돌,공작물충돌,안전운전 의무 불이행,단일로,기타단일로,승용차,없음,1124956,1687227,128.8721986,35.17256362
2019,2019-11-28,주,목,1,0,0,0,0,경북,청송군,차대차,추돌,추돌,안전운전 의무 불이행,단일로,지하차도(도로)내,화물차,이륜차,1138114,1832565,129.0417847,36.48077005
2019,2019-11-28,주,목,1,0,0,0,0,경남,합천군,차대차,추돌,추돌,과속,단일로,기타단일로,승용차,농기계,1055949,1728117,128.1172641,35.54745779
2019,2019-11-28,야,목,1,0,0,0,0,경남,진주시,차대사람,횡단중,횡단중,보행자 보호의무 위반,교차로,교차로횡단보도내,승용차,보행자,1051917,1688222,128.070247,35.18796629
2019,2019-11-28,야,목,1,0,0,0,0,경남,합천군,차대차,기타,기타,안전운전 의무 불이행,단일로,기타단일로,이륜차,농기계,1055979,1728139,128.1175966,35.54765445
2019,2019-11-29,야,금,1,0,0,0,0,경기,광주시,차대사람,기타,기타,신호위반,교차로,교차로내,화물차,보행자,984451,1940626,127.3241694,37.46471288
2019,2019-11-29,주,금,1,1,1,0,0,전남,고흥군,차대차,정면충돌,정면충돌,중앙선 침범,단일로,기타단일로,화물차,이륜차,968076,1609208,127.1523555,34.47629067
2019,2019-11-29,주,금,1,2,1,1,0,경기,양주시,차대차,정면충돌,정면충돌,중앙선 침범,교차로,교차로내,화물차,화물차,953971,1977891,126.9771574,37.79957022
2019,2019-11-29,주,금,1,0,0,0,0,충남,당진시,차대차,추돌,추돌,안전운전 의무 불이행,단일로,기타단일로,승용차,이륜차,919264,1886835,126.5928996,36.97650131
2019,2019-11-29,주,금,1,2,2,0,0,경기,성남시,차대차,기타,기타,중앙선 침범,단일로,기타단일로,승용차,승용차,967137,1934391,127.1286604,37.40805973
2019,2019-11-29,주,금,1,1,1,0,0,충남,당진시,차대차,기타,기타,기타,기타,기타,승용차,승용차,924065,1874062,126.6481168,36.86177107
2019,2019-11-29,주,금,1,1,0,1,0,경북,상주시,차량단독,공작물충돌,공작물충돌,안전운전 의무 불이행,단일로,기타단일로,화물차,없음,1045866,1822706,128.011499,36.40075494
2019,2019-11-29,주,금,1,0,0,0,0,충남,당진시,차대차,측면충돌,측면충돌,안전운전 의무 불이행,단일로,기타단일로,승용차,농기계,928940,1875708,126.7026482,36.87698708
2019,2019-11-29,야,금,1,0,0,0,0,인천,서구,차대사람,보도통행중,보도통행중,안전운전 의무 불이행,단일로,기타단일로,승용차,보행자,926674,1955299,126.6693904,37.59417779
2019,2019-11-29,야,금,1,0,0,0,0,경기,안양시,차대사람,기타,기타,안전운전 의무 불이행,단일로,기타단일로,승용차,보행자,951796,1930129,126.9555967,37.368973
2019,2019-11-30,야,토,1,0,0,0,0,대구,달서구,차대사람,횡단중,횡단중,안전운전 의무 불이행,단일로,기타단일로,승용차,보행자,1094107,1758690,128.5417745,35.82018179
2019,2019-11-30,주,토,1,0,0,0,0,경기,가평군,차대차,측면충돌,측면충돌,안전운전 의무 불이행,교차로,교차로부근,자전거,승합차,1000655,1979677,127.5074419,37.81682773
2019,2019-11-30,주,토,1,0,0,0,0,경기,용인시,차량단독,전복,전복,안전운전 의무 불이행,교차로,교차로내,화물차,없음,966935,1904374,127.1277126,37.13748463
2019,2019-11-30,야,토,1,5,2,3,0,경북,영주시,차대차,기타,기타,안전운전 의무 불이행,단일로,기타단일로,승합차,화물차,1095177,1865222,128.5666143,36.78035195
2019,2019-11-30,야,토,1,0,0,0,0,경기,이천시,차대사람,기타,기타,안전운전 의무 불이행,단일로,기타단일로,승용차,보행자,998400,1920890,127.4819496,37.28694484
2019,2019-11-30,야,토,1,0,0,0,0,경북,구미시,차대사람,횡단중,횡단중,안전운전 의무 불이행,단일로,기타단일로,승용차,보행자,1075718,1792253,128.3414334,36.12434458
2019,2019-11-30,야,토,1,0,0,0,0,경기,남양주시,차대사람,기타,기타,안전운전 의무 불이행,단일로,기타단일로,승용차,보행자,968675,1961001,127.1449037,37.64796096
2019,2019-12-01,야,일,1,1,0,1,0,서울,강동구,차대차,기타,기타,중앙선 침범,단일로,기타단일로,이륜차,승용차,966508,1949005,127.1208883,37.53976062
2019,2019-12-01,야,일,1,0,0,0,0,경기,시흥시,차대차,추돌,추돌,안전운전 의무 불이행,단일로,기타단일로,승용차,화물차,938670,1929906,126.8073824,37.36618785
2019,2019-12-01,야,일,1,0,0,0,0,경남,합천군,차량단독,공작물충돌,공작물충돌,안전운전 의무 불이행,기타,기타,승용차,없음,1058600,1731259,128.1467375,35.57563289
2019,2019-12-01,야,일,1,0,0,0,0,서울,마포구,차대사람,차도통행중,차도통행중,과속,단일로,기타단일로,승용차,보행자,947974,1950059,126.9110268,37.54840059